participant_id,start_date,end_date,batch,duration,qualtrics_duration,dg_a_transfer,dg_a_moral,dg_a1_moral,dg_a2_moral,dg_a_chosen_moral,tg_c_moral,tg_a_moral,believe_real,dgtg_payoff,total_bonus,tg_payoff,tg_a_return,tg_c_keep,tg_c_transfer_x3,tg_c_transfer,tg_total,tg_partner_choice,dg_payoff,dg_a2_transfer,dg_a_gen_transfer,dg_a1_transfer,dg_total,participant_role,partner_choice,public_private,unique_group_id,group_id,observability,dg_a_chosen_transfer,dg_a_gen_transfer_ratio,dg_a_transfer_ratio,dg_a1_transfer_ratio,dg_a2_transfer_ratio,dg_a_chosen_transfer_ratio,tg_c_transfer_ratio,tg_a_return_ratio
1,2023-04-24T20:49:00Z,2023-04-24T20:55:00Z,1,6,336,NA,NA,NA,0,NA,NA,NA,Yes,2,2.6,NA,NA,NA,NA,NA,2,A1,2,0,0,NA,2,A2,yes,public,20230424_2_yes_public,2,1,NA,0,NA,NA,0,NA,NA,NA
2,2023-04-24T20:49:00Z,2023-04-24T20:55:00Z,1,6,332,NA,NA,100,0,NA,NA,NA,Yes,0.5,1.1,NA,NA,NA,NA,NA,2,NA,0.5,0,NA,0.5,2,B,yes,public,20230424_2_yes_public,2,1,NA,NA,NA,0.25,0,NA,NA,NA
3,2023-04-24T20:49:00Z,2023-04-24T20:56:00Z,1,7,397,1,82,NA,NA,82,82,NA,Yes,3,3.6,2,1,1,3,1,2,NA,1,NA,1,NA,2,A,no,private,20230424_4_no_private,4,0,1,0.5,0.5,NA,NA,0.5,0.5,1
4,2023-04-24T20:50:00Z,2023-04-24T20:56:00Z,1,6,387,1,72,NA,NA,72,47,NA,Yes,7,7.6,6,0,0,6,2,2,NA,1,NA,1,NA,2,A,no,private,20230424_1_no_private,1,0,1,0.5,0.5,NA,NA,0.5,1,0
5,2023-04-24T20:50:00Z,2023-04-24T20:54:00Z,1,4,285,1,77,NA,NA,77,NA,NA,Yes,1,1.6,NA,NA,NA,NA,NA,2,NA,1,NA,1,NA,2,B,no,private,20230424_1_no_private,1,0,1,0.5,0.5,NA,NA,0.5,NA,NA
6,2023-04-24T20:50:00Z,2023-04-24T20:57:00Z,1,7,404,1,100,NA,NA,100,100,0,No,0,0.6,0,0,NA,6,2,2,NA,0,NA,1,NA,2,C,no,private,20230424_1_no_private,1,0,1,0.5,0.5,NA,NA,0.5,1,0
7,2023-04-24T20:50:00Z,2023-04-24T21:03:00Z,1,13,802,NA,NA,78,NA,NA,NA,NA,No,1.75,2.35,NA,NA,NA,NA,NA,2,A2,1.75,NA,0.25,0.25,2,A1,yes,private,20230424_1_yes_private,1,0,NA,0.125,NA,0.125,NA,NA,NA,NA
8,2023-04-24T20:50:00Z,2023-04-24T21:00:00Z,1,10,616,NA,NA,NA,86,86,75,NA,Yes,4,4.6,3,3,0,6,2,2,A2,1,1,1,NA,2,A2,yes,private,20230424_1_yes_private,1,0,1,0.5,NA,NA,0.5,0.5,1,1.5
9,2023-04-24T20:50:00Z,2023-04-24T20:56:00Z,1,6,349,NA,NA,28,66,NA,NA,NA,Yes,1.25,1.85,NA,NA,NA,NA,NA,2,NA,1.25,1,NA,0.25,2,B,yes,private,20230424_1_yes_private,1,0,NA,NA,NA,0.125,0.5,NA,NA,NA
10,2023-04-24T20:50:00Z,2023-04-24T20:56:00Z,1,6,387,NA,NA,64,100,100,82,100,Yes,3,3.6,3,3,NA,6,2,2,A2,0,1,NA,0.25,2,C,yes,private,20230424_1_yes_private,1,0,1,NA,NA,0.125,0.5,0.5,1,1.5
11,2023-04-24T20:50:00Z,2023-04-24T20:55:00Z,1,5,349,1,77,NA,NA,77,50,NA,Yes,1,1.6,0,NA,2,0,0,2,NA,1,NA,1,NA,2,A,no,public,20230424_2_no_public,2,1,1,0.5,0.5,NA,NA,0.5,0,NA
12,2023-04-24T20:50:00Z,2023-04-24T20:54:00Z,1,4,264,1,100,NA,NA,100,NA,NA,Yes,1,1.6,NA,NA,NA,NA,NA,2,NA,1,NA,1,NA,2,B,no,public,20230424_2_no_public,2,1,1,0.5,0.5,NA,NA,0.5,NA,NA
13,2023-04-24T20:50:00Z,2023-04-24T20:56:00Z,1,6,368,1,80,NA,NA,80,52,71,Yes,2,2.6,2,NA,NA,0,0,2,NA,0,NA,1,NA,2,C,no,public,20230424_2_no_public,2,1,1,0.5,0.5,NA,NA,0.5,0,NA
14,2023-04-24T20:50:00Z,2023-04-24T20:56:00Z,1,6,362,NA,NA,33,NA,33,50,NA,No,1.5,2.1,0,NA,2,0,0,2,A1,1.5,NA,0.5,0.5,2,A1,yes,public,20230424_2_yes_public,2,1,0.5,0.25,NA,0.25,NA,0.25,0,NA
15,2023-04-24T20:50:00Z,2023-04-24T20:56:00Z,1,6,390,NA,NA,38,38,38,52,50,No,2,2.6,2,NA,NA,0,0,2,A1,0,0,NA,0.5,2,C,yes,public,20230424_2_yes_public,2,1,0.5,NA,NA,0.25,0,0.25,0,NA
16,2023-04-24T20:50:00Z,2023-04-24T20:57:00Z,1,7,450,1,68,NA,NA,68,50,NA,Yes,4.6,5.199999999999999,3.6,0,0.8,3.6,1.2,2,NA,1,NA,1,NA,2,A,no,public,20230424_3_no_public,3,1,1,0.5,0.5,NA,NA,0.5,0.6,0
17,2023-04-24T20:50:00Z,2023-04-24T20:57:00Z,1,7,452,1,88,NA,NA,88,NA,NA,Yes,1,1.6,NA,NA,NA,NA,NA,2,NA,1,NA,1,NA,2,B,no,public,20230424_3_no_public,3,1,1,0.5,0.5,NA,NA,0.5,NA,NA
18,2023-04-24T20:50:00Z,2023-04-24T20:58:00Z,1,8,513,1,70,NA,NA,70,53,0,No,0.8,1.4,0.8,0,NA,3.6,1.2,2,NA,0,NA,1,NA,2,C,no,public,20230424_3_no_public,3,1,1,0.5,0.5,NA,NA,0.5,0.6,0
19,2023-04-24T20:50:00Z,2023-04-24T20:59:00Z,1,9,571,NA,NA,50,NA,50,100,NA,Yes,3,3.6,3,3,0,6,2,2,A1,0,NA,2,2,2,A1,yes,public,20230424_3_yes_public,3,1,2,1,NA,1,NA,1,1,1.5
20,2023-04-24T20:50:00Z,2023-04-24T20:57:00Z,1,7,459,NA,NA,NA,100,NA,NA,NA,No,1,1.6,NA,NA,NA,NA,NA,2,A1,1,1,1,NA,2,A2,yes,public,20230424_3_yes_public,3,1,NA,0.5,NA,NA,0.5,NA,NA,NA
21,2023-04-24T20:50:00Z,2023-04-24T20:56:00Z,1,6,365,NA,NA,100,88,NA,NA,NA,Yes,3,3.6,NA,NA,NA,NA,NA,2,NA,3,1,NA,2,2,B,yes,public,20230424_3_yes_public,3,1,NA,NA,NA,1,0.5,NA,NA,NA
22,2023-04-24T20:50:00Z,2023-04-24T20:58:00Z,1,8,519,NA,NA,100,25,100,100,84,Yes,3,3.6,3,3,NA,6,2,2,A1,0,1,NA,2,2,C,yes,public,20230424_3_yes_public,3,1,2,NA,NA,1,0.5,1,1,1.5
23,2023-04-24T20:50:00Z,2023-04-24T20:55:00Z,1,5,336,1,88,NA,NA,88,NA,NA,Yes,1,1.6,NA,NA,NA,NA,NA,2,NA,1,NA,1,NA,2,B,no,private,20230424_4_no_private,4,0,1,0.5,0.5,NA,NA,0.5,NA,NA
24,2023-04-24T20:50:00Z,2023-04-24T20:57:00Z,1,7,430,1,90,NA,NA,90,82,36,No,2,2.6,2,1,NA,3,1,2,NA,0,NA,1,NA,2,C,no,private,20230424_4_no_private,4,0,1,0.5,0.5,NA,NA,0.5,0.5,1
25,2023-04-24T20:50:00Z,2023-04-24T21:00:00Z,1,10,606,NA,NA,100,NA,100,0,NA,Yes,6,6.6,6,0,0,6,2,2,A1,0,NA,2,2,2,A1,yes,private,20230424_4_yes_private,4,0,2,1,NA,1,NA,1,1,0
26,2023-04-24T20:50:00Z,2023-04-24T21:00:00Z,1,10,597,NA,NA,89,6,NA,NA,NA,Yes,2.5,3.1,NA,NA,NA,NA,NA,2,NA,2.5,0.5,NA,2,2,B,yes,private,20230424_4_yes_private,4,0,NA,NA,NA,1,0.25,NA,NA,NA
27,2023-04-24T20:50:00Z,2023-04-24T20:59:00Z,1,9,595,NA,NA,39,50,39,57,39,No,0,0.6,0,0,NA,6,2,2,A1,0,0.5,NA,2,2,C,yes,private,20230424_4_yes_private,4,0,2,NA,NA,1,0.25,1,1,0
28,2023-04-24T20:50:00Z,2023-04-24T21:00:00Z,1,10,575,1,89,NA,NA,89,100,NA,Yes,4,4.6,3,3,0,6,2,2,NA,1,NA,1,NA,2,A,no,public,20230424_5_no_public,5,1,1,0.5,0.5,NA,NA,0.5,1,1.5
29,2023-04-24T20:50:00Z,2023-04-24T20:59:00Z,1,9,535,1,62,NA,NA,62,50,50,Yes,3,3.6,3,3,NA,6,2,2,NA,0,NA,1,NA,2,C,no,public,20230424_5_no_public,5,1,1,0.5,0.5,NA,NA,0.5,1,1.5
30,2023-04-24T20:50:00Z,2023-04-24T21:00:00Z,1,10,614,NA,NA,88,NA,88,73,NA,Yes,2,2.6,2,1,1,3,1,2,A1,0,NA,2,2,2,A1,yes,public,20230424_5_yes_public,5,1,2,1,NA,1,NA,1,0.5,1
31,2023-04-24T20:50:00Z,2023-04-24T20:58:00Z,1,8,498,NA,NA,NA,84,NA,NA,NA,No,0,0.6,NA,NA,NA,NA,NA,2,A1,0,2,2,NA,2,A2,yes,public,20230424_5_yes_public,5,1,NA,1,NA,NA,1,NA,NA,NA
32,2023-04-24T20:50:00Z,2023-04-24T21:00:00Z,1,10,614,NA,NA,100,100,100,100,100,Yes,2,2.6,2,1,NA,3,1,2,A1,0,2,NA,2,2,C,yes,public,20230424_5_yes_public,5,1,2,NA,NA,1,1,1,0.5,1
33,2023-04-24T20:50:00Z,2023-04-24T21:05:00Z,1,15,936,1,85,NA,NA,85,84,NA,Yes,4,4.6,3,3,0,6,2,2,NA,1,NA,1,NA,2,A,no,private,20230424_6_no_private,6,0,1,0.5,0.5,NA,NA,0.5,1,1.5
34,2023-04-24T20:50:00Z,2023-04-24T21:04:00Z,1,14,821,1,65,NA,NA,65,NA,NA,Yes,1,1.6,NA,NA,NA,NA,NA,2,NA,1,NA,1,NA,2,B,no,private,20230424_6_no_private,6,0,1,0.5,0.5,NA,NA,0.5,NA,NA
35,2023-04-24T20:50:00Z,2023-04-24T21:07:00Z,1,17,1031,1,100,NA,NA,100,100,100,Yes,3,3.6,3,3,NA,6,2,2,NA,0,NA,1,NA,2,C,no,private,20230424_6_no_private,6,0,1,0.5,0.5,NA,NA,0.5,1,1.5
36,2023-04-24T20:50:00Z,2023-04-24T21:05:00Z,1,15,916,NA,NA,NA,48,48,83,NA,Yes,3,3.6,3,3,0,6,2,2,A2,0,2,2,NA,2,A2,yes,private,20230424_6_yes_private,6,0,2,1,NA,NA,1,1,1,1.5
37,2023-04-24T20:50:00Z,2023-04-24T21:03:00Z,1,13,785,NA,NA,49,50,NA,NA,NA,Yes,2.25,2.85,NA,NA,NA,NA,NA,2,NA,2.25,2,NA,0.25,2,B,yes,private,20230424_6_yes_private,6,0,NA,NA,NA,0.125,1,NA,NA,NA
38,2023-04-24T20:50:00Z,2023-04-24T21:10:00Z,1,20,1217,2,100,NA,NA,100,0,NA,Yes,6,6.6,6,0,0,6,2,2,NA,0,NA,2,NA,2,A,no,public,20230424_7_no_public,7,1,2,1,1,NA,NA,1,1,0
39,2023-04-24T20:50:00Z,2023-04-24T21:11:00Z,1,21,1210,2,100,NA,NA,100,NA,NA,Yes,2,2.6,NA,NA,NA,NA,NA,2,NA,2,NA,2,NA,2,B,no,public,20230424_7_no_public,7,1,2,1,1,NA,NA,1,NA,NA
40,2023-04-24T20:50:00Z,2023-04-24T21:11:00Z,1,21,1287,2,85,NA,NA,85,96,0,No,0,0.6,0,0,NA,6,2,2,NA,0,NA,2,NA,2,C,no,public,20230424_7_no_public,7,1,2,1,1,NA,NA,1,1,0
41,2023-04-24T20:50:00Z,2023-04-24T21:06:00Z,1,16,957,NA,NA,46,NA,NA,NA,NA,No,2,2.6,NA,NA,NA,NA,NA,2,A2,2,NA,0,0,2,A1,yes,public,20230424_7_yes_public,7,1,NA,0,NA,0,NA,NA,NA,NA
42,2023-04-24T20:50:00Z,2023-04-24T21:06:00Z,1,16,985,NA,NA,NA,36,36,88,NA,Yes,2,2.6,0,NA,2,0,0,2,A2,2,0,0,NA,2,A2,yes,public,20230424_7_yes_public,7,1,0,0,NA,NA,0,0,0,NA
43,2023-04-24T20:51:00Z,2023-04-24T20:58:00Z,1,7,380,NA,NA,NA,50,NA,NA,NA,Yes,1.5,2.1,NA,NA,NA,NA,NA,2,A1,1.5,0.5,0.5,NA,2,A2,yes,private,20230424_4_yes_private,4,0,NA,0.25,NA,NA,0.25,NA,NA,NA
44,2023-04-24T20:51:00Z,2023-04-24T21:03:00Z,1,12,726,NA,NA,52,65,65,100,100,Yes,3,3.6,3,3,NA,6,2,2,A2,0,2,NA,0.25,2,C,yes,private,20230424_6_yes_private,6,0,2,NA,NA,0.125,1,1,1,1.5
45,2023-04-24T20:52:00Z,2023-04-24T20:57:00Z,1,5,342,NA,NA,100,100,NA,NA,NA,Yes,4,4.6,NA,NA,NA,NA,NA,2,NA,4,2,NA,2,2,B,yes,public,20230424_5_yes_public,5,1,NA,NA,NA,1,1,NA,NA,NA
46,2023-04-24T20:53:00Z,2023-04-24T20:57:00Z,1,4,250,1,50,NA,NA,50,NA,NA,No,1,1.6,NA,NA,NA,NA,NA,2,NA,1,NA,1,NA,2,B,no,public,20230424_5_no_public,5,1,1,0.5,0.5,NA,NA,0.5,NA,NA
47,2023-04-24T20:53:00Z,2023-04-24T21:05:00Z,1,12,685,NA,NA,11,50,50,3,50,Yes,2,2.6,2,NA,NA,0,0,2,A2,0,0,NA,0,2,C,yes,public,20230424_7_yes_public,7,1,0,NA,NA,0,0,0,0,NA
48,2023-04-24T20:54:00Z,2023-04-24T21:05:00Z,1,11,686,NA,NA,0,0,NA,NA,NA,Yes,0,0.6,NA,NA,NA,NA,NA,2,NA,0,0,NA,0,2,B,yes,public,20230424_7_yes_public,7,1,NA,NA,NA,0,0,NA,NA,NA
49,2023-04-24T20:56:00Z,2023-04-24T21:04:00Z,1,8,465,NA,NA,52,NA,NA,NA,NA,Yes,1.75,2.35,NA,NA,NA,NA,NA,2,A2,1.75,NA,0.25,0.25,2,A1,yes,private,20230424_6_yes_private,6,0,NA,0.125,NA,0.125,NA,NA,NA,NA
50,2023-04-24T21:13:00Z,2023-04-24T21:23:00Z,1,10,590,1,100,NA,NA,100,NA,NA,Yes,1,1.6,NA,NA,NA,NA,NA,2,NA,1,NA,1,NA,2,B,no,public,20230424_9_no_public,9,1,1,0.5,0.5,NA,NA,0.5,NA,NA
51,2023-04-24T21:13:00Z,2023-04-24T21:25:00Z,1,12,719,1,93,NA,NA,93,64,100,Yes,3,3.6,3,2,NA,3,1,2,NA,0,NA,1,NA,2,C,no,public,20230424_9_no_public,9,1,1,0.5,0.5,NA,NA,0.5,0.5,2
52,2023-04-24T21:13:00Z,2023-04-24T21:25:00Z,1,12,670,0,49,NA,NA,49,100,NA,Yes,2,2.6,0,NA,2,0,0,2,NA,2,NA,0,NA,2,A,no,private,20230424_10_no_private,10,0,0,0,0,NA,NA,0,0,NA
53,2023-04-24T21:13:00Z,2023-04-24T21:23:00Z,1,10,588,NA,NA,NA,50,NA,NA,NA,Yes,2,2.6,NA,NA,NA,NA,NA,2,A1,2,0,0,NA,2,A2,yes,private,20230424_10_yes_private,10,0,NA,0,NA,NA,0,NA,NA,NA
54,2023-04-24T21:13:00Z,2023-04-24T21:26:00Z,1,13,727,NA,NA,67,33,67,82,36,Yes,1.5,2.1,1.5,0.5,NA,3,1,2,A1,0,0,NA,0.5,2,C,yes,private,20230424_10_yes_private,10,0,0.5,NA,NA,0.25,0,0.25,0.5,0.5
55,2023-04-24T21:14:00Z,2023-04-24T21:28:00Z,1,14,831,1,100,NA,NA,100,100,NA,Yes,2,2.6,1,2,1,3,1,2,NA,1,NA,1,NA,2,A,no,public,20230424_9_no_public,9,1,1,0.5,0.5,NA,NA,0.5,0.5,2
56,2023-04-24T21:14:00Z,2023-04-24T21:22:00Z,1,8,502,0,0,NA,NA,0,NA,NA,Yes,0,0.6,NA,NA,NA,NA,NA,2,NA,0,NA,0,NA,2,B,no,private,20230424_10_no_private,10,0,0,0,0,NA,NA,0,NA,NA
57,2023-04-24T21:14:00Z,2023-04-24T21:33:00Z,1,19,1136,0,50,NA,NA,50,50,50,No,2,2.6,2,NA,NA,0,0,2,NA,0,NA,0,NA,2,C,no,private,20230424_10_no_private,10,0,0,0,0,NA,NA,0,0,NA
58,2023-04-24T21:14:00Z,2023-04-24T21:34:00Z,1,20,1221,NA,NA,59,NA,59,29,NA,Yes,4,4.6,2.5,0.5,1,3,1,2,A1,1.5,NA,0.5,0.5,2,A1,yes,private,20230424_10_yes_private,10,0,0.5,0.25,NA,0.25,NA,0.25,0.5,0.5
59,2023-04-24T21:18:00Z,2023-04-24T21:23:00Z,1,5,301,NA,NA,75,6,NA,NA,NA,Yes,0.5,1.1,NA,NA,NA,NA,NA,2,NA,0.5,0,NA,0.5,2,B,yes,private,20230424_10_yes_private,10,0,NA,NA,NA,0.25,0,NA,NA,NA
60,2023-05-18T16:49:00Z,2023-05-18T17:00:00Z,2,11,661,NA,NA,12,93,93,100,0,No,0,0.6,0,0,NA,1.5,0.5,0.5,A2,0,0.5,NA,0,0.5,C,yes,public,20230518_8_yes_public,8,1,0.5,NA,NA,0,1,1,1,0
61,2023-05-18T16:49:00Z,2023-05-18T16:56:00Z,2,7,410,NA,NA,100,100,NA,NA,NA,Yes,0.5,1.1,NA,NA,NA,NA,NA,0.5,NA,0.5,0.25,NA,0.25,0.5,B,yes,private,20230518_9_yes_private,9,0,NA,NA,NA,0.5,0.5,NA,NA,NA
62,2023-05-18T16:49:00Z,2023-05-18T16:55:00Z,2,6,320,NA,NA,93,41,NA,NA,NA,Yes,0.4,1,NA,NA,NA,NA,NA,0.5,NA,0.4,0.15,NA,0.25,0.5,B,yes,private,20230518_10_yes_private,10,0,NA,NA,NA,0.5,0.3,NA,NA,NA
63,2023-05-18T16:49:00Z,2023-05-18T17:16:00Z,2,27,1607,0.25,68,NA,NA,68,68,73,Yes,0.5,1.1,0.5,NA,NA,0,0,0.5,NA,0,NA,0.25,NA,0.5,C,no,private,20230518_49_no_private,49,0,0.25,0.5,0.5,NA,NA,0.5,0,NA
64,2023-05-18T16:49:00Z,2023-05-18T17:23:00Z,2,34,2026,NA,NA,NA,51,NA,NA,NA,No,0,0.6,NA,NA,NA,NA,NA,0.5,A1,0,0.5,0.5,NA,0.5,A2,yes,public,20230518_50_yes_public,50,1,NA,1,NA,NA,1,NA,NA,NA
65,2023-05-18T16:50:00Z,2023-05-18T17:01:00Z,2,11,672,NA,NA,57,NA,NA,NA,NA,No,0.5,1.1,NA,NA,NA,NA,NA,0.5,A2,0.5,NA,0,0,0.5,A1,yes,public,20230518_8_yes_public,8,1,NA,0,NA,0,NA,NA,NA,NA
66,2023-05-18T16:50:00Z,2023-05-18T17:00:00Z,2,10,611,NA,NA,NA,73,73,26,66,No,1.5,2.1,1.5,0,0,1.5,0.5,0.5,A2,0,0.5,0.5,NA,0.5,A2,yes,public,20230518_8_yes_public,8,1,0.5,1,NA,NA,1,1,1,0
67,2023-05-18T16:50:00Z,2023-05-18T16:57:00Z,2,7,426,NA,NA,50,51,NA,NA,NA,Yes,0.5,1.1,NA,NA,NA,NA,NA,0.5,NA,0.5,0.5,NA,0,0.5,B,yes,public,20230518_8_yes_public,8,1,NA,NA,NA,0,1,NA,NA,NA
68,2023-05-18T16:50:00Z,2023-05-18T16:58:00Z,2,8,509,0.5,100,NA,NA,100,0,100,Yes,0,0.6,0,NA,0.5,0,0,0.5,NA,0,NA,0.5,NA,0.5,A,no,public,20230518_9_no_public,9,1,0.5,1,1,NA,NA,1,0,NA
69,2023-05-18T16:50:00Z,2023-05-18T16:56:00Z,2,6,382,0.5,86,NA,NA,86,NA,NA,Yes,0.5,1.1,NA,NA,NA,NA,NA,0.5,NA,0.5,NA,0.5,NA,0.5,B,no,public,20230518_9_no_public,9,1,0.5,1,1,NA,NA,1,NA,NA
70,2023-05-18T16:50:00Z,2023-05-18T16:58:00Z,2,8,475,0.5,80,NA,NA,80,57,51,Yes,0.5,1.1,0.5,NA,NA,0,0,0.5,NA,0,NA,0.5,NA,0.5,C,no,public,20230518_9_no_public,9,1,0.5,1,1,NA,NA,1,0,NA
71,2023-05-18T16:50:00Z,2023-05-18T16:56:00Z,2,6,392,NA,NA,100,NA,100,100,0,Yes,1.3,1.9,1.05,0,0.15,1.05,0.35,0.5,A1,0.25,NA,0.25,0.25,0.5,A1,yes,private,20230518_9_yes_private,9,0,0.25,0.5,NA,0.5,NA,0.5,0.7,0
72,2023-05-18T16:50:00Z,2023-05-18T16:57:00Z,2,7,418,NA,NA,NA,78,NA,NA,NA,Yes,0.25,0.85,NA,NA,NA,NA,NA,0.5,A1,0.25,0.25,0.25,NA,0.5,A2,yes,private,20230518_9_yes_private,9,0,NA,0.5,NA,NA,0.5,NA,NA,NA
73,2023-05-18T16:50:00Z,2023-05-18T16:57:00Z,2,7,422,NA,NA,52,54,52,71,11,Yes,0.15,0.75,0.15,0,NA,1.05,0.35,0.5,A1,0,0.25,NA,0.25,0.5,C,yes,private,20230518_9_yes_private,9,0,0.25,NA,NA,0.5,0.5,0.5,0.7,0
74,2023-05-18T16:50:00Z,2023-05-18T16:55:00Z,2,5,330,0,51,NA,NA,51,51,85,Yes,0.5,1.1,0,NA,0.5,0,0,0.5,NA,0.5,NA,0,NA,0.5,A,no,public,20230518_10_no_public,10,1,0,0,0,NA,NA,0,0,NA
75,2023-05-18T16:50:00Z,2023-05-18T16:55:00Z,2,5,317,0,0,NA,NA,0,NA,NA,No,0,0.6,NA,NA,NA,NA,NA,0.5,NA,0,NA,0,NA,0.5,B,no,public,20230518_10_no_public,10,1,0,0,0,NA,NA,0,NA,NA
76,2023-05-18T16:50:00Z,2023-05-18T16:56:00Z,2,6,368,0,54,NA,NA,54,60,49,Yes,0.5,1.1,0.5,NA,NA,0,0,0.5,NA,0,NA,0,NA,0.5,C,no,public,20230518_10_no_public,10,1,0,0,0,NA,NA,0,0,NA
77,2023-05-18T16:50:00Z,2023-05-18T16:56:00Z,2,6,365,NA,NA,51,NA,51,51,51,Yes,1,1.6,0.75,0.75,0,1.5,0.5,0.5,A1,0.25,NA,0.25,0.25,0.5,A1,yes,private,20230518_10_yes_private,10,0,0.25,0.5,NA,0.5,NA,0.5,1,1.5
78,2023-05-18T16:50:00Z,2023-05-18T16:56:00Z,2,6,323,NA,NA,NA,51,NA,NA,NA,No,0.35,0.95,NA,NA,NA,NA,NA,0.5,A1,0.35,0.15,0.15,NA,0.5,A2,yes,private,20230518_10_yes_private,10,0,NA,0.3,NA,NA,0.3,NA,NA,NA
79,2023-05-18T16:50:00Z,2023-05-18T16:57:00Z,2,7,397,NA,NA,59,55,59,73,61,Yes,0.75,1.35,0.75,0.75,NA,1.5,0.5,0.5,A1,0,0.15,NA,0.25,0.5,C,yes,private,20230518_10_yes_private,10,0,0.25,NA,NA,0.5,0.3,0.5,1,1.5
80,2023-05-18T16:50:00Z,2023-05-18T16:57:00Z,2,7,407,0.25,89,NA,NA,89,85,86,Yes,0.75,1.35,0.5,0.25,0.25,0.75,0.25,0.5,NA,0.25,NA,0.25,NA,0.5,A,no,private,20230518_11_no_private,11,0,0.25,0.5,0.5,NA,NA,0.5,0.5,1
81,2023-05-18T16:50:00Z,2023-05-18T16:55:00Z,2,5,280,0.25,100,NA,NA,100,NA,NA,Yes,0.25,0.85,NA,NA,NA,NA,NA,0.5,NA,0.25,NA,0.25,NA,0.5,B,no,private,20230518_11_no_private,11,0,0.25,0.5,0.5,NA,NA,0.5,NA,NA
82,2023-05-18T16:50:00Z,2023-05-18T16:57:00Z,2,7,402,0.25,69,NA,NA,69,73,43,Yes,0.5,1.1,0.5,0.25,NA,0.75,0.25,0.5,NA,0,NA,0.25,NA,0.5,C,no,private,20230518_11_no_private,11,0,0.25,0.5,0.5,NA,NA,0.5,0.5,1
83,2023-05-18T16:50:00Z,2023-05-18T16:55:00Z,2,5,323,NA,NA,48,NA,NA,NA,NA,Yes,0.25,0.85,NA,NA,NA,NA,NA,0.5,A2,0.25,NA,0.25,0.25,0.5,A1,yes,public,20230518_11_yes_public,11,1,NA,0.5,NA,0.5,NA,NA,NA,NA
84,2023-05-18T16:50:00Z,2023-05-18T16:56:00Z,2,6,381,NA,NA,NA,71,71,50,60,Yes,0.85,1.45,0.6,0.15,0.25,0.75,0.25,0.5,A2,0.25,0.25,0.25,NA,0.5,A2,yes,public,20230518_11_yes_public,11,1,0.25,0.5,NA,NA,0.5,0.5,0.5,0.6
85,2023-05-18T16:50:00Z,2023-05-18T16:57:00Z,2,7,401,NA,NA,72,72,NA,NA,NA,Yes,0.5,1.1,NA,NA,NA,NA,NA,0.5,NA,0.5,0.25,NA,0.25,0.5,B,yes,public,20230518_11_yes_public,11,1,NA,NA,NA,0.5,0.5,NA,NA,NA
86,2023-05-18T16:50:00Z,2023-05-18T16:56:00Z,2,6,385,NA,NA,51,51,51,51,46,Yes,0.4,1,0.4,0.15,NA,0.75,0.25,0.5,A2,0,0.25,NA,0.25,0.5,C,yes,public,20230518_11_yes_public,11,1,0.25,NA,NA,0.5,0.5,0.5,0.5,0.6
87,2023-05-18T16:50:00Z,2023-05-18T16:55:00Z,2,5,316,0.1,36,NA,NA,36,0,52,Yes,0.4,1,0,NA,0.5,0,0,0.5,NA,0.4,NA,0.1,NA,0.5,A,no,private,20230518_12_no_private,12,0,0.1,0.2,0.2,NA,NA,0.2,0,NA
88,2023-05-18T16:50:00Z,2023-05-18T16:55:00Z,2,5,302,0.1,40,NA,NA,40,NA,NA,No,0.1,0.7,NA,NA,NA,NA,NA,0.5,NA,0.1,NA,0.1,NA,0.5,B,no,private,20230518_12_no_private,12,0,0.1,0.2,0.2,NA,NA,0.2,NA,NA
89,2023-05-18T16:50:00Z,2023-05-18T16:55:00Z,2,5,309,0.1,29,NA,NA,29,68,50,Yes,0.5,1.1,0.5,NA,NA,0,0,0.5,NA,0,NA,0.1,NA,0.5,C,no,private,20230518_12_no_private,12,0,0.1,0.2,0.2,NA,NA,0.2,0,NA
90,2023-05-18T16:50:00Z,2023-05-18T16:59:00Z,2,9,509,NA,NA,75,NA,NA,NA,NA,No,0.25,0.85,NA,NA,NA,NA,NA,0.5,A2,0.25,NA,0.25,0.25,0.5,A1,yes,private,20230518_12_yes_private,12,0,NA,0.5,NA,0.5,NA,NA,NA,NA
91,2023-05-18T16:50:00Z,2023-05-18T16:59:00Z,2,9,530,NA,NA,NA,72,72,100,79,Yes,0.95,1.5499999999999998,0.75,0.75,0,1.5,0.5,0.5,A2,0.2,0.3,0.3,NA,0.5,A2,yes,private,20230518_12_yes_private,12,0,0.3,0.6,NA,NA,0.6,0.6,1,1.5
92,2023-05-18T16:50:00Z,2023-05-18T16:58:00Z,2,8,445,NA,NA,78,86,NA,NA,NA,Yes,0.55,1.15,NA,NA,NA,NA,NA,0.5,NA,0.55,0.3,NA,0.25,0.5,B,yes,private,20230518_12_yes_private,12,0,NA,NA,NA,0.5,0.6,NA,NA,NA
93,2023-05-18T16:50:00Z,2023-05-18T17:00:00Z,2,10,584,NA,NA,51,59,59,100,92,No,0.75,1.35,0.75,0.75,NA,1.5,0.5,0.5,A2,0,0.3,NA,0.25,0.5,C,yes,private,20230518_12_yes_private,12,0,0.3,NA,NA,0.5,0.6,0.6,1,1.5
94,2023-05-18T16:50:00Z,2023-05-18T16:55:00Z,2,5,320,0.1,56,NA,NA,56,NA,NA,Yes,0.1,0.7,NA,NA,NA,NA,NA,0.5,NA,0.1,NA,0.1,NA,0.5,B,no,private,20230518_13_no_private,13,0,0.1,0.2,0.2,NA,NA,0.2,NA,NA
95,2023-05-18T16:50:00Z,2023-05-18T16:58:00Z,2,8,497,NA,NA,80,NA,80,67,94,No,0.5,1.1,0.25,1.25,0,1.5,0.5,0.5,A1,0.25,NA,0.25,0.25,0.5,A1,yes,public,20230518_13_yes_public,13,1,0.25,0.5,NA,0.5,NA,0.5,1,2.5
96,2023-05-18T16:50:00Z,2023-05-18T16:58:00Z,2,8,454,NA,NA,NA,41,NA,NA,NA,No,0.4,1,NA,NA,NA,NA,NA,0.5,A1,0.4,0.1,0.1,NA,0.5,A2,yes,public,20230518_13_yes_public,13,1,NA,0.2,NA,NA,0.2,NA,NA,NA
97,2023-05-18T16:50:00Z,2023-05-18T16:57:00Z,2,7,421,NA,NA,74,28,NA,NA,NA,No,0.35,0.95,NA,NA,NA,NA,NA,0.5,NA,0.35,0.1,NA,0.25,0.5,B,yes,public,20230518_13_yes_public,13,1,NA,NA,NA,0.5,0.2,NA,NA,NA
98,2023-05-18T16:50:00Z,2023-05-18T17:01:00Z,2,11,634,NA,NA,87,59,87,94,100,No,1.25,1.85,1.25,1.25,NA,1.5,0.5,0.5,A1,0,0.1,NA,0.25,0.5,C,yes,public,20230518_13_yes_public,13,1,0.25,NA,NA,0.5,0.2,0.5,1,2.5
99,2023-05-18T16:50:00Z,2023-05-18T16:56:00Z,2,6,400,0.25,100,NA,NA,100,100,100,Yes,1,1.6,0.75,0.75,0,1.5,0.5,0.5,NA,0.25,NA,0.25,NA,0.5,A,no,private,20230518_14_no_private,14,0,0.25,0.5,0.5,NA,NA,0.5,1,1.5
100,2023-05-18T16:50:00Z,2023-05-18T16:56:00Z,2,6,322,0.25,100,NA,NA,100,NA,NA,Yes,0.25,0.85,NA,NA,NA,NA,NA,0.5,NA,0.25,NA,0.25,NA,0.5,B,no,private,20230518_14_no_private,14,0,0.25,0.5,0.5,NA,NA,0.5,NA,NA
101,2023-05-18T16:50:00Z,2023-05-18T16:57:00Z,2,7,391,0.25,100,NA,NA,100,100,100,Yes,0.75,1.35,0.75,0.75,NA,1.5,0.5,0.5,NA,0,NA,0.25,NA,0.5,C,no,private,20230518_14_no_private,14,0,0.25,0.5,0.5,NA,NA,0.5,1,1.5
102,2023-05-18T16:50:00Z,2023-05-18T16:59:00Z,2,9,538,NA,NA,NA,71,71,79,23,Yes,1.5,2.1,1.3,0.2,0,1.5,0.5,0.5,A2,0.2,0.3,0.3,NA,0.5,A2,yes,private,20230518_14_yes_private,14,0,0.3,0.6,NA,NA,0.6,0.6,1,0.4
103,2023-05-18T16:50:00Z,2023-05-18T16:57:00Z,2,7,412,NA,NA,51,72,NA,NA,NA,No,0.3,0.8999999999999999,NA,NA,NA,NA,NA,0.5,NA,0.3,0.3,NA,0,0.5,B,yes,private,20230518_14_yes_private,14,0,NA,NA,NA,0,0.6,NA,NA,NA
104,2023-05-18T16:50:00Z,2023-05-18T16:59:00Z,2,9,496,NA,NA,0,100,100,100,0,Yes,0.2,0.8,0.2,0.2,NA,1.5,0.5,0.5,A2,0,0.3,NA,0,0.5,C,yes,private,20230518_14_yes_private,14,0,0.3,NA,NA,0,0.6,0.6,1,0.4
105,2023-05-18T16:50:00Z,2023-05-18T16:57:00Z,2,7,415,0.25,95,NA,NA,95,100,98,Yes,0.95,1.5499999999999998,0.7,0.8,0,1.5,0.5,0.5,NA,0.25,NA,0.25,NA,0.5,A,no,public,20230518_15_no_public,15,1,0.25,0.5,0.5,NA,NA,0.5,1,1.6
106,2023-05-18T16:50:00Z,2023-05-18T16:58:00Z,2,8,517,0.25,89,NA,NA,89,NA,NA,No,0.25,0.85,NA,NA,NA,NA,NA,0.5,NA,0.25,NA,0.25,NA,0.5,B,no,public,20230518_15_no_public,15,1,0.25,0.5,0.5,NA,NA,0.5,NA,NA
107,2023-05-18T16:50:00Z,2023-05-18T16:59:00Z,2,9,518,NA,NA,100,NA,100,100,76,Yes,1.5,2.1,1.5,0,0,1.5,0.5,0.5,A1,0,NA,0.5,0.5,0.5,A1,yes,public,20230518_15_yes_public,15,1,0.5,1,NA,1,NA,1,1,0
108,2023-05-18T16:50:00Z,2023-05-18T16:57:00Z,2,7,409,NA,NA,NA,65,NA,NA,NA,Yes,0.25,0.85,NA,NA,NA,NA,NA,0.5,A1,0.25,0.25,0.25,NA,0.5,A2,yes,public,20230518_15_yes_public,15,1,NA,0.5,NA,NA,0.5,NA,NA,NA
109,2023-05-18T16:50:00Z,2023-05-18T16:57:00Z,2,7,406,NA,NA,100,76,NA,NA,NA,Yes,0.75,1.35,NA,NA,NA,NA,NA,0.5,NA,0.75,0.25,NA,0.5,0.5,B,yes,public,20230518_15_yes_public,15,1,NA,NA,NA,1,0.5,NA,NA,NA
110,2023-05-18T16:50:00Z,2023-05-18T16:57:00Z,2,7,422,0.15,36,NA,NA,36,NA,NA,Yes,0.15,0.75,NA,NA,NA,NA,NA,0.5,NA,0.15,NA,0.15,NA,0.5,B,no,public,20230518_16_no_public,16,1,0.15,0.3,0.3,NA,NA,0.3,NA,NA
111,2023-05-18T16:50:00Z,2023-05-18T17:02:00Z,2,12,759,0.15,52,NA,NA,52,51,51,No,0.5,1.1,0.5,0.15,NA,0.45,0.15,0.5,NA,0,NA,0.15,NA,0.5,C,no,public,20230518_16_no_public,16,1,0.15,0.3,0.3,NA,NA,0.3,0.3,1
112,2023-05-18T16:50:00Z,2023-05-18T17:00:00Z,2,10,551,NA,NA,NA,100,100,100,100,Yes,0.75,1.35,0.5,0.25,0.25,0.75,0.25,0.5,A2,0.25,0.25,0.25,NA,0.5,A2,yes,private,20230518_16_yes_private,16,0,0.25,0.5,NA,NA,0.5,0.5,0.5,1
113,2023-05-18T16:50:00Z,2023-05-18T16:58:00Z,2,8,491,NA,NA,100,100,NA,NA,NA,Yes,0.75,1.35,NA,NA,NA,NA,NA,0.5,NA,0.75,0.25,NA,0.5,0.5,B,yes,private,20230518_16_yes_private,16,0,NA,NA,NA,1,0.5,NA,NA,NA
114,2023-05-18T16:50:00Z,2023-05-18T16:59:00Z,2,9,539,NA,NA,81,63,63,77,44,Yes,0.5,1.1,0.5,0.25,NA,0.75,0.25,0.5,A2,0,0.25,NA,0.5,0.5,C,yes,private,20230518_16_yes_private,16,0,0.25,NA,NA,1,0.5,0.5,0.5,1
115,2023-05-18T16:50:00Z,2023-05-18T16:59:00Z,2,9,516,0.5,57,NA,NA,57,57,68,No,0.75,1.35,0.75,0.75,0,1.5,0.5,0.5,NA,0,NA,0.5,NA,0.5,A,no,public,20230518_17_no_public,17,1,0.5,1,1,NA,NA,1,1,1.5
116,2023-05-18T16:50:00Z,2023-05-18T16:57:00Z,2,7,395,0.5,100,NA,NA,100,NA,NA,Yes,0.5,1.1,NA,NA,NA,NA,NA,0.5,NA,0.5,NA,0.5,NA,0.5,B,no,public,20230518_17_no_public,17,1,0.5,1,1,NA,NA,1,NA,NA
117,2023-05-18T16:50:00Z,2023-05-18T16:59:00Z,2,9,584,0.5,100,NA,NA,100,100,100,Yes,0.75,1.35,0.75,0.75,NA,1.5,0.5,0.5,NA,0,NA,0.5,NA,0.5,C,no,public,20230518_17_no_public,17,1,0.5,1,1,NA,NA,1,1,1.5
118,2023-05-18T16:50:00Z,2023-05-18T17:04:00Z,2,14,806,NA,NA,100,NA,100,56,0,Yes,0.9,1.5,0.9,0,0.2,0.9,0.3,0.5,A1,0,NA,0.5,0.5,0.5,A1,yes,public,20230518_17_yes_public,17,1,0.5,1,NA,1,NA,1,0.6,0
119,2023-05-18T16:50:00Z,2023-05-18T16:55:00Z,2,5,287,0.25,67,NA,NA,67,NA,NA,Yes,0.25,0.85,NA,NA,NA,NA,NA,0.5,NA,0.25,NA,0.25,NA,0.5,B,no,public,20230518_18_no_public,18,1,0.25,0.5,0.5,NA,NA,0.5,NA,NA
120,2023-05-18T16:50:00Z,2023-05-18T17:04:00Z,2,14,837,0.25,52,NA,NA,52,78,74,Yes,0.25,0.85,0.25,0,NA,0.75,0.25,0.5,NA,0,NA,0.25,NA,0.5,C,no,public,20230518_18_no_public,18,1,0.25,0.5,0.5,NA,NA,0.5,0.5,0
121,2023-05-18T16:50:00Z,2023-05-18T17:00:00Z,2,10,586,NA,NA,100,NA,100,100,0,No,1.75,2.35,1.5,0,0,1.5,0.5,0.5,A1,0.25,NA,0.25,0.25,0.5,A1,yes,private,20230518_18_yes_private,18,0,0.25,0.5,NA,0.5,NA,0.5,1,0
122,2023-05-18T16:50:00Z,2023-05-18T16:57:00Z,2,7,399,NA,NA,NA,50,NA,NA,NA,No,0.5,1.1,NA,NA,NA,NA,NA,0.5,A1,0.5,0,0,NA,0.5,A2,yes,private,20230518_18_yes_private,18,0,NA,0,NA,NA,0,NA,NA,NA
123,2023-05-18T16:50:00Z,2023-05-18T16:58:00Z,2,8,436,NA,NA,54,0,NA,NA,NA,No,0.25,0.85,NA,NA,NA,NA,NA,0.5,NA,0.25,0,NA,0.25,0.5,B,yes,private,20230518_18_yes_private,18,0,NA,NA,NA,0.5,0,NA,NA,NA
124,2023-05-18T16:50:00Z,2023-05-18T16:58:00Z,2,8,499,0.25,74,NA,NA,74,32,50,No,0.25,0.85,0,NA,0.5,0,0,0.5,NA,0.25,NA,0.25,NA,0.5,A,no,private,20230518_19_no_private,19,0,0.25,0.5,0.5,NA,NA,0.5,0,NA
125,2023-05-18T16:50:00Z,2023-05-18T16:58:00Z,2,8,462,0.25,86,NA,NA,86,NA,NA,No,0.25,0.85,NA,NA,NA,NA,NA,0.5,NA,0.25,NA,0.25,NA,0.5,B,no,private,20230518_19_no_private,19,0,0.25,0.5,0.5,NA,NA,0.5,NA,NA
126,2023-05-18T16:50:00Z,2023-05-18T16:58:00Z,2,8,463,NA,NA,60,35,NA,NA,NA,Yes,0.35,0.95,NA,NA,NA,NA,NA,0.5,NA,0.35,0.1,NA,0.25,0.5,B,yes,public,20230518_19_yes_public,19,1,NA,NA,NA,0.5,0.2,NA,NA,NA
127,2023-05-18T16:50:00Z,2023-05-18T17:02:00Z,2,12,700,0.25,52,NA,NA,52,NA,NA,No,0.25,0.85,NA,NA,NA,NA,NA,0.5,NA,0.25,NA,0.25,NA,0.5,B,no,private,20230518_20_no_private,20,0,0.25,0.5,0.5,NA,NA,0.5,NA,NA
128,2023-05-18T16:50:00Z,2023-05-18T16:58:00Z,2,8,491,NA,NA,47,NA,NA,NA,NA,No,0.25,0.85,NA,NA,NA,NA,NA,0.5,A2,0.25,NA,0.25,0.25,0.5,A1,yes,private,20230518_20_yes_private,20,0,NA,0.5,NA,0.5,NA,NA,NA,NA
129,2023-05-18T16:50:00Z,2023-05-18T16:59:00Z,2,9,494,0.25,88,NA,NA,88,64,5,Yes,1,1.6,0.75,0,0.25,0.75,0.25,0.5,NA,0.25,NA,0.25,NA,0.5,A,no,public,20230518_21_no_public,21,1,0.25,0.5,0.5,NA,NA,0.5,0.5,0
130,2023-05-18T16:50:00Z,2023-05-18T17:01:00Z,2,11,648,0.25,52,NA,NA,52,100,0,Yes,0.25,0.85,0.25,0,NA,0.75,0.25,0.5,NA,0,NA,0.25,NA,0.5,C,no,public,20230518_21_no_public,21,1,0.25,0.5,0.5,NA,NA,0.5,0.5,0
131,2023-05-18T16:50:00Z,2023-05-18T16:57:00Z,2,7,432,NA,NA,71,NA,NA,NA,NA,Yes,0.25,0.85,NA,NA,NA,NA,NA,0.5,A2,0.25,NA,0.25,0.25,0.5,A1,yes,public,20230518_21_yes_public,21,1,NA,0.5,NA,0.5,NA,NA,NA,NA
132,2023-05-18T16:50:00Z,2023-05-18T16:58:00Z,2,8,520,NA,NA,51,58,58,0,49,No,0.5,1.1,0.5,NA,NA,0,0,0.5,A2,0,0.3,NA,0.25,0.5,C,yes,public,20230518_21_yes_public,21,1,0.3,NA,NA,0.5,0.6,0.6,0,NA
133,2023-05-18T16:50:00Z,2023-05-18T16:58:00Z,2,8,424,0,19,NA,NA,19,20,50,Yes,0.5,1.1,0,NA,0.5,0,0,0.5,NA,0.5,NA,0,NA,0.5,A,no,private,20230518_22_no_private,22,0,0,0,0,NA,NA,0,0,NA
134,2023-05-18T16:50:00Z,2023-05-18T16:56:00Z,2,6,348,0,0,NA,NA,0,NA,NA,Yes,0,0.6,NA,NA,NA,NA,NA,0.5,NA,0,NA,0,NA,0.5,B,no,private,20230518_22_no_private,22,0,0,0,0,NA,NA,0,NA,NA
135,2023-05-18T16:50:00Z,2023-05-18T16:58:00Z,2,8,482,0,0,NA,NA,0,50,49,Yes,0.5,1.1,0.5,NA,NA,0,0,0.5,NA,0,NA,0,NA,0.5,C,no,private,20230518_22_no_private,22,0,0,0,0,NA,NA,0,0,NA
136,2023-05-18T16:50:00Z,2023-05-18T17:00:00Z,2,10,569,0.25,100,NA,NA,100,100,100,Yes,0.75,1.35,0.75,0.75,NA,1.5,0.5,0.5,NA,0,NA,0.25,NA,0.5,C,no,private,20230518_23_no_private,23,0,0.25,0.5,0.5,NA,NA,0.5,1,1.5
137,2023-05-18T16:50:00Z,2023-05-18T16:59:00Z,2,9,492,NA,NA,100,NA,NA,NA,NA,Yes,0,0.6,NA,NA,NA,NA,NA,0.5,A2,0,NA,0.5,0.5,0.5,A1,yes,private,20230518_23_yes_private,23,0,NA,1,NA,1,NA,NA,NA,NA
138,2023-05-18T16:50:00Z,2023-05-18T16:58:00Z,2,8,467,NA,NA,100,100,NA,NA,NA,Yes,0.75,1.35,NA,NA,NA,NA,NA,0.5,NA,0.75,0.25,NA,0.5,0.5,B,yes,private,20230518_23_yes_private,23,0,NA,NA,NA,1,0.5,NA,NA,NA
139,2023-05-18T16:50:00Z,2023-05-18T17:01:00Z,2,11,627,NA,NA,69,51,51,100,51,No,0.75,1.35,0.75,0.75,NA,1.5,0.5,0.5,A2,0,0.25,NA,0.5,0.5,C,yes,private,20230518_23_yes_private,23,0,0.25,NA,NA,1,0.5,0.5,1,1.5
140,2023-05-18T16:50:00Z,2023-05-18T16:57:00Z,2,7,426,0.25,88,NA,NA,88,NA,NA,Yes,0.25,0.85,NA,NA,NA,NA,NA,0.5,NA,0.25,NA,0.25,NA,0.5,B,no,public,20230518_24_no_public,24,1,0.25,0.5,0.5,NA,NA,0.5,NA,NA
141,2023-05-18T16:50:00Z,2023-05-18T17:07:00Z,2,17,1019,NA,NA,100,NA,100,100,100,No,0.75,1.35,0.5,0.25,0.25,0.75,0.25,0.5,A1,0.25,NA,0.25,0.25,0.5,A1,yes,private,20230518_24_yes_private,24,0,0.25,0.5,NA,0.5,NA,0.5,0.5,1
142,2023-05-18T16:50:00Z,2023-05-18T17:06:00Z,2,16,947,NA,NA,84,71,84,76,73,No,0.5,1.1,0.5,0.25,NA,0.75,0.25,0.5,A1,0,0.1,NA,0.25,0.5,C,yes,private,20230518_24_yes_private,24,0,0.25,NA,NA,0.5,0.2,0.5,0.5,1
143,2023-05-18T16:50:00Z,2023-05-18T17:00:00Z,2,10,588,0.25,58,NA,NA,58,100,91,Yes,1,1.6,0.75,0.75,0,1.5,0.5,0.5,NA,0.25,NA,0.25,NA,0.5,A,no,private,20230518_25_no_private,25,0,0.25,0.5,0.5,NA,NA,0.5,1,1.5
144,2023-05-18T16:50:00Z,2023-05-18T16:58:00Z,2,8,455,0.25,80,NA,NA,80,NA,NA,No,0.25,0.85,NA,NA,NA,NA,NA,0.5,NA,0.25,NA,0.25,NA,0.5,B,no,private,20230518_25_no_private,25,0,0.25,0.5,0.5,NA,NA,0.5,NA,NA
145,2023-05-18T16:50:00Z,2023-05-18T16:57:00Z,2,7,418,0.25,83,NA,NA,83,84,92,No,0.75,1.35,0.75,0.75,NA,1.5,0.5,0.5,NA,0,NA,0.25,NA,0.5,C,no,public,20230518_26_no_public,26,1,0.25,0.5,0.5,NA,NA,0.5,1,1.5
146,2023-05-18T16:50:00Z,2023-05-18T17:00:00Z,2,10,576,NA,NA,66,34,NA,NA,NA,Yes,0.25,0.85,NA,NA,NA,NA,NA,0.5,NA,0.25,0,NA,0.25,0.5,B,yes,public,20230518_26_yes_public,26,1,NA,NA,NA,0.5,0,NA,NA,NA
147,2023-05-18T16:50:00Z,2023-05-18T17:02:00Z,2,12,732,NA,NA,NA,72,NA,NA,NA,Yes,0.49,1.09,NA,NA,NA,NA,NA,0.5,A1,0.49,0.01,0.01,NA,0.5,A2,yes,private,20230518_27_yes_private,27,0,NA,0.02,NA,NA,0.02,NA,NA,NA
148,2023-05-18T16:50:00Z,2023-05-18T17:09:00Z,2,19,1122,NA,NA,62,28,62,72,41,Yes,0.3,0.8999999999999999,0.3,0.2,NA,1.2,0.4,0.5,A1,0,0.01,NA,0.25,0.5,C,yes,private,20230518_27_yes_private,27,0,0.25,NA,NA,0.5,0.02,0.5,0.8,0.5
149,2023-05-18T16:50:00Z,2023-05-18T17:00:00Z,2,10,620,0.25,100,NA,NA,100,0,100,No,0.25,0.85,0,NA,0.5,0,0,0.5,NA,0.25,NA,0.25,NA,0.5,A,no,private,20230518_29_no_private,29,0,0.25,0.5,0.5,NA,NA,0.5,0,NA
150,2023-05-18T16:50:00Z,2023-05-18T16:59:00Z,2,9,535,0.25,73,NA,NA,73,100,100,Yes,1,1.6,0.75,0.75,0,1.5,0.5,0.5,NA,0.25,NA,0.25,NA,0.5,A,no,public,20230518_30_no_public,30,1,0.25,0.5,0.5,NA,NA,0.5,1,1.5
151,2023-05-18T16:50:00Z,2023-05-18T17:00:00Z,2,10,604,0.25,100,NA,NA,100,69,100,Yes,0.75,1.35,0.75,0.75,NA,1.5,0.5,0.5,NA,0,NA,0.25,NA,0.5,C,no,public,20230518_30_no_public,30,1,0.25,0.5,0.5,NA,NA,0.5,1,1.5
152,2023-05-18T16:50:00Z,2023-05-18T17:02:00Z,2,12,689,NA,NA,49,74,NA,NA,NA,No,0.5,1.1,NA,NA,NA,NA,NA,0.5,NA,0.5,0.5,NA,0,0.5,B,yes,private,20230518_30_yes_private,30,0,NA,NA,NA,0,1,NA,NA,NA
153,2023-05-18T16:50:00Z,2023-05-18T17:06:00Z,2,16,933,NA,NA,21,100,100,100,65,No,0.5,1.1,0.5,0.5,NA,1.5,0.5,0.5,A2,0,0.5,NA,0,0.5,C,yes,private,20230518_30_yes_private,30,0,0.5,NA,NA,0,1,1,1,1
154,2023-05-18T16:50:00Z,2023-05-18T16:59:00Z,2,9,541,0.25,72,NA,NA,72,NA,NA,Yes,0.25,0.85,NA,NA,NA,NA,NA,0.5,NA,0.25,NA,0.25,NA,0.5,B,no,private,20230518_31_no_private,31,0,0.25,0.5,0.5,NA,NA,0.5,NA,NA
155,2023-05-18T16:50:00Z,2023-05-18T17:08:00Z,2,18,1077,NA,NA,43,NA,NA,NA,NA,No,0.4,1,NA,NA,NA,NA,NA,0.5,A2,0.4,NA,0.1,0.1,0.5,A1,yes,public,20230518_31_yes_public,31,1,NA,0.2,NA,0.2,NA,NA,NA,NA
156,2023-05-18T16:50:00Z,2023-05-18T17:06:00Z,2,16,920,NA,NA,51,100,100,100,100,Yes,0.75,1.35,0.75,0.75,NA,1.5,0.5,0.5,A2,0,0.35,NA,0.1,0.5,C,yes,public,20230518_31_yes_public,31,1,0.35,NA,NA,0.2,0.7,0.7,1,1.5
157,2023-05-18T16:50:00Z,2023-05-18T16:59:00Z,2,9,543,NA,NA,51,53,NA,NA,NA,No,0.75,1.35,NA,NA,NA,NA,NA,0.5,NA,0.75,0.25,NA,0.5,0.5,B,yes,public,20230518_32_yes_public,32,1,NA,NA,NA,1,0.5,NA,NA,NA
158,2023-05-18T16:50:00Z,2023-05-18T17:01:00Z,2,11,650,0.25,88,NA,NA,88,90,91,Yes,0.75,1.35,0.75,0.75,NA,1.5,0.5,0.5,NA,0,NA,0.25,NA,0.5,C,no,private,20230518_33_no_private,33,0,0.25,0.5,0.5,NA,NA,0.5,1,1.5
159,2023-05-18T16:50:00Z,2023-05-18T17:04:00Z,2,14,866,0,0,NA,NA,0,100,0,No,0,0.6,0,0,NA,1.5,0.5,0.5,NA,0,NA,0,NA,0.5,C,no,public,20230518_34_no_public,34,1,0,0,0,NA,NA,0,1,0
160,2023-05-18T16:50:00Z,2023-05-18T17:04:00Z,2,14,834,0.25,84,NA,NA,84,100,85,Yes,0.75,1.35,0.75,0.75,NA,1.5,0.5,0.5,NA,0,NA,0.25,NA,0.5,C,no,public,20230518_35_no_public,35,1,0.25,0.5,0.5,NA,NA,0.5,1,1.5
161,2023-05-18T16:50:00Z,2023-05-18T17:04:00Z,2,14,866,NA,NA,50,NA,50,51,50,Yes,1,1.6,0.75,0.75,0,1.5,0.5,0.5,A1,0.25,NA,0.25,0.25,0.5,A1,yes,private,20230518_35_yes_private,35,0,0.25,0.5,NA,0.5,NA,0.5,1,1.5
162,2023-05-18T16:50:00Z,2023-05-18T17:02:00Z,2,12,718,NA,NA,NA,25,NA,NA,NA,Yes,0.5,1.1,NA,NA,NA,NA,NA,0.5,A1,0.5,0,0,NA,0.5,A2,yes,private,20230518_35_yes_private,35,0,NA,0,NA,NA,0,NA,NA,NA
163,2023-05-18T16:50:00Z,2023-05-18T17:11:00Z,2,21,1271,0.2,73,NA,NA,73,51,51,No,0.3,0.8999999999999999,0,NA,0.5,0,0,0.5,NA,0.3,NA,0.2,NA,0.5,A,no,private,20230518_37_no_private,37,0,0.2,0.4,0.4,NA,NA,0.4,0,NA
164,2023-05-18T16:50:00Z,2023-05-18T17:50:00Z,2,60,3574,NA,NA,NA,NA,NA,NA,NA,NA,0.5,1.1,NA,NA,NA,NA,NA,0.5,A1,0.5,0,0,NA,0.5,A2,yes,private,20230518_38_yes_private,38,0,NA,0,NA,NA,0,NA,NA,NA
165,2023-05-18T16:50:00Z,2023-05-18T17:06:00Z,2,16,946,0.25,81,NA,NA,81,83,84,Yes,1.25,1.85,1,0.5,0,1.5,0.5,0.5,NA,0.25,NA,0.25,NA,0.5,A,no,private,20230518_39_no_private,39,0,0.25,0.5,0.5,NA,NA,0.5,1,1
166,2023-05-18T16:50:00Z,2023-05-18T17:14:00Z,2,24,1457,NA,NA,75,28,75,65,75,Yes,0.5,1.1,0.5,0.25,NA,0.75,0.25,0.5,A1,0,0.25,NA,0.5,0.5,C,yes,public,20230518_40_yes_public,40,1,0.5,NA,NA,1,0.5,1,0.5,1
167,2023-05-18T16:50:00Z,2023-05-18T17:07:00Z,2,17,1008,NA,NA,100,100,NA,NA,NA,No,0.5,1.1,NA,NA,NA,NA,NA,0.5,NA,0.5,0.25,NA,0.25,0.5,B,yes,private,20230518_41_yes_private,41,0,NA,NA,NA,0.5,0.5,NA,NA,NA
168,2023-05-18T16:50:00Z,2023-05-18T17:14:00Z,2,24,1426,NA,NA,NA,44,NA,NA,NA,Yes,0.4,1,NA,NA,NA,NA,NA,0.5,A1,0.4,0.1,0.1,NA,0.5,A2,yes,private,20230518_46_yes_private,46,0,NA,0.2,NA,NA,0.2,NA,NA,NA
169,2023-05-18T16:50:00Z,2023-05-18T17:13:00Z,2,23,1332,NA,NA,75,NA,NA,NA,NA,Yes,0.25,0.85,NA,NA,NA,NA,NA,0.5,A2,0.25,NA,0.25,0.25,0.5,A1,yes,public,20230518_47_yes_public,47,1,NA,0.5,NA,0.5,NA,NA,NA,NA
170,2023-05-18T16:50:00Z,2023-05-18T17:12:00Z,2,22,1338,NA,NA,78,100,NA,NA,NA,No,0.75,1.35,NA,NA,NA,NA,NA,0.5,NA,0.75,0.5,NA,0.25,0.5,B,yes,public,20230518_47_yes_public,47,1,NA,NA,NA,0.5,1,NA,NA,NA
171,2023-05-18T16:50:00Z,2023-05-18T17:21:00Z,2,31,1860,NA,NA,85,NA,85,58,77,No,0,0.6,0,0.6,0.3,0.6,0.2,0.5,A1,0,NA,0.5,0.5,0.5,A1,yes,public,20230518_48_yes_public,48,1,0.5,1,NA,1,NA,1,0.4,2.9999999999999996
172,2023-05-18T16:50:00Z,2023-05-18T17:19:00Z,2,29,1720,0.2,82,NA,NA,82,19,48,No,0.3,0.8999999999999999,0,NA,0.5,0,0,0.5,NA,0.3,NA,0.2,NA,0.5,A,no,public,20230518_50_no_public,50,1,0.2,0.4,0.4,NA,NA,0.4,0,NA
173,2023-05-18T16:50:00Z,2023-05-18T17:20:00Z,2,30,1818,0.2,81,NA,NA,81,NA,NA,Yes,0.2,0.8,NA,NA,NA,NA,NA,0.5,NA,0.2,NA,0.2,NA,0.5,B,no,public,20230518_50_no_public,50,1,0.2,0.4,0.4,NA,NA,0.4,NA,NA
174,2023-05-18T16:51:00Z,2023-05-18T16:57:00Z,2,6,404,NA,NA,51,NA,NA,NA,NA,No,0.5,1.1,NA,NA,NA,NA,NA,0.5,A2,0.5,NA,0,0,0.5,A1,yes,private,20230518_14_yes_private,14,0,NA,0,NA,0,NA,NA,NA,NA
175,2023-05-18T16:51:00Z,2023-05-18T16:56:00Z,2,5,339,0.25,72,NA,NA,72,71,84,Yes,0.8,1.4,0.8,0.8,NA,1.5,0.5,0.5,NA,0,NA,0.25,NA,0.5,C,no,public,20230518_15_no_public,15,1,0.25,0.5,0.5,NA,NA,0.5,1,1.6
176,2023-05-18T16:51:00Z,2023-05-18T17:00:00Z,2,9,572,NA,NA,9,10,9,18,36,No,0,0.6,0,0,NA,1.5,0.5,0.5,A1,0,0.25,NA,0.5,0.5,C,yes,public,20230518_15_yes_public,15,1,0.5,NA,NA,1,0.5,1,1,0
177,2023-05-18T16:51:00Z,2023-05-18T16:58:00Z,2,7,444,0.15,77,NA,NA,77,76,81,Yes,0.6499999999999999,1.25,0.3,0.15,0.35,0.45,0.15,0.5,NA,0.35,NA,0.15,NA,0.5,A,no,public,20230518_16_no_public,16,1,0.15,0.3,0.3,NA,NA,0.3,0.3,1
178,2023-05-18T16:51:00Z,2023-05-18T16:57:00Z,2,6,406,NA,NA,100,NA,NA,NA,NA,Yes,0,0.6,NA,NA,NA,NA,NA,0.5,A2,0,NA,0.5,0.5,0.5,A1,yes,private,20230518_16_yes_private,16,0,NA,1,NA,1,NA,NA,NA,NA
179,2023-05-18T16:51:00Z,2023-05-18T17:00:00Z,2,9,576,NA,NA,NA,100,NA,NA,NA,Yes,0.5,1.1,NA,NA,NA,NA,NA,0.5,A1,0.5,0,0,NA,0.5,A2,yes,public,20230518_17_yes_public,17,1,NA,0,NA,NA,0,NA,NA,NA
180,2023-05-18T16:51:00Z,2023-05-18T17:03:00Z,2,12,708,NA,NA,76,60,76,79,62,Yes,0.2,0.8,0.2,0,NA,0.9,0.3,0.5,A1,0,0,NA,0.5,0.5,C,yes,public,20230518_17_yes_public,17,1,0.5,NA,NA,1,0,1,0.6,0
181,2023-05-18T16:51:00Z,2023-05-18T17:05:00Z,2,14,815,0.25,80,NA,NA,80,35,50,Yes,1,1.6,0.75,0,0.25,0.75,0.25,0.5,NA,0.25,NA,0.25,NA,0.5,A,no,public,20230518_18_no_public,18,1,0.25,0.5,0.5,NA,NA,0.5,0.5,0
182,2023-05-18T16:51:00Z,2023-05-18T16:58:00Z,2,7,447,NA,NA,56,8,56,100,0,No,0,0.6,0,0,NA,1.5,0.5,0.5,A1,0,0,NA,0.25,0.5,C,yes,private,20230518_18_yes_private,18,0,0.25,NA,NA,0.5,0,0.5,1,0
183,2023-05-18T16:51:00Z,2023-05-18T17:00:00Z,2,9,522,0.25,57,NA,NA,57,51,62,Yes,0.5,1.1,0.5,NA,NA,0,0,0.5,NA,0,NA,0.25,NA,0.5,C,no,private,20230518_19_no_private,19,0,0.25,0.5,0.5,NA,NA,0.5,0,NA
184,2023-05-18T16:51:00Z,2023-05-18T16:57:00Z,2,6,385,0.25,100,NA,NA,100,100,100,Yes,1,1.6,0.75,0.75,0,1.5,0.5,0.5,NA,0.25,NA,0.25,NA,0.5,A,no,private,20230518_20_no_private,20,0,0.25,0.5,0.5,NA,NA,0.5,1,1.5
185,2023-05-18T16:51:00Z,2023-05-18T16:57:00Z,2,6,389,0.25,63,NA,NA,63,87,79,Yes,0.75,1.35,0.75,0.75,NA,1.5,0.5,0.5,NA,0,NA,0.25,NA,0.5,C,no,private,20230518_20_no_private,20,0,0.25,0.5,0.5,NA,NA,0.5,1,1.5
186,2023-05-18T16:51:00Z,2023-05-18T16:59:00Z,2,8,524,NA,NA,NA,89,89,35,61,Yes,0.44,1.04,0.39,0.36,0.25,0.75,0.25,0.5,A2,0.05,0.45,0.45,NA,0.5,A2,yes,private,20230518_20_yes_private,20,0,0.45,0.9,NA,NA,0.9,0.9,0.5,1.44
187,2023-05-18T16:51:00Z,2023-05-18T16:56:00Z,2,5,331,NA,NA,73,100,NA,NA,NA,Yes,0.7,1.2999999999999998,NA,NA,NA,NA,NA,0.5,NA,0.7,0.45,NA,0.25,0.5,B,yes,private,20230518_20_yes_private,20,0,NA,NA,NA,0.5,0.9,NA,NA,NA
188,2023-05-18T16:51:00Z,2023-05-18T16:59:00Z,2,8,490,NA,NA,52,65,65,62,54,Yes,0.61,1.21,0.61,0.36,NA,0.75,0.25,0.5,A2,0,0.45,NA,0.25,0.5,C,yes,private,20230518_20_yes_private,20,0,0.45,NA,NA,0.5,0.9,0.9,0.5,1.44
189,2023-05-18T16:51:00Z,2023-05-18T16:55:00Z,2,4,232,0.25,55,NA,NA,55,NA,NA,No,0.25,0.85,NA,NA,NA,NA,NA,0.5,NA,0.25,NA,0.25,NA,0.5,B,no,public,20230518_21_no_public,21,1,0.25,0.5,0.5,NA,NA,0.5,NA,NA
190,2023-05-18T16:51:00Z,2023-05-18T16:59:00Z,2,8,480,NA,NA,NA,83,83,0,51,Yes,0.2,0.8,0,NA,0.5,0,0,0.5,A2,0.2,0.3,0.3,NA,0.5,A2,yes,public,20230518_21_yes_public,21,1,0.3,0.6,NA,NA,0.6,0.6,0,NA
191,2023-05-18T16:51:00Z,2023-05-18T16:56:00Z,2,5,331,NA,NA,76,88,NA,NA,NA,Yes,0.55,1.15,NA,NA,NA,NA,NA,0.5,NA,0.55,0.3,NA,0.25,0.5,B,yes,public,20230518_21_yes_public,21,1,NA,NA,NA,0.5,0.6,NA,NA,NA
192,2023-05-18T16:51:00Z,2023-05-18T16:58:00Z,2,7,413,NA,NA,50,NA,NA,NA,NA,Yes,0.5,1.1,NA,NA,NA,NA,NA,0.5,A2,0.5,NA,0,0,0.5,A1,yes,public,20230518_22_yes_public,22,1,NA,0,NA,0,NA,NA,NA,NA
193,2023-05-18T16:51:00Z,2023-05-18T17:03:00Z,2,12,727,NA,NA,NA,84,84,43,75,Yes,0.63,1.23,0.39,0.39,0.24,0.78,0.26,0.5,A2,0.24,0.26,0.26,NA,0.5,A2,yes,public,20230518_22_yes_public,22,1,0.26,0.52,NA,NA,0.52,0.52,0.52,1.5
194,2023-05-18T16:51:00Z,2023-05-18T16:59:00Z,2,8,493,NA,NA,26,67,NA,NA,NA,No,0.26,0.86,NA,NA,NA,NA,NA,0.5,NA,0.26,0.26,NA,0,0.5,B,yes,public,20230518_22_yes_public,22,1,NA,NA,NA,0,0.52,NA,NA,NA
195,2023-05-18T16:51:00Z,2023-05-18T17:00:00Z,2,9,544,NA,NA,50,68,68,75,79,Yes,0.63,1.23,0.63,0.39,NA,0.78,0.26,0.5,A2,0,0.26,NA,0,0.5,C,yes,public,20230518_22_yes_public,22,1,0.26,NA,NA,0,0.52,0.52,0.52,1.5
196,2023-05-18T16:51:00Z,2023-05-18T16:59:00Z,2,8,479,0.25,100,NA,NA,100,100,100,Yes,1,1.6,0.75,0.75,0,1.5,0.5,0.5,NA,0.25,NA,0.25,NA,0.5,A,no,private,20230518_23_no_private,23,0,0.25,0.5,0.5,NA,NA,0.5,1,1.5
197,2023-05-18T16:51:00Z,2023-05-18T16:57:00Z,2,6,396,0.25,100,NA,NA,100,NA,NA,Yes,0.25,0.85,NA,NA,NA,NA,NA,0.5,NA,0.25,NA,0.25,NA,0.5,B,no,private,20230518_23_no_private,23,0,0.25,0.5,0.5,NA,NA,0.5,NA,NA
198,2023-05-18T16:51:00Z,2023-05-18T17:00:00Z,2,9,554,NA,NA,NA,55,55,99,79,Yes,1,1.6,0.75,0.75,0,1.5,0.5,0.5,A2,0.25,0.25,0.25,NA,0.5,A2,yes,private,20230518_23_yes_private,23,0,0.25,0.5,NA,NA,0.5,0.5,1,1.5
199,2023-05-18T16:51:00Z,2023-05-18T16:59:00Z,2,8,493,0.25,57,NA,NA,57,68,66,Yes,1,1.6,0.75,0.75,0,1.5,0.5,0.5,NA,0.25,NA,0.25,NA,0.5,A,no,public,20230518_24_no_public,24,1,0.25,0.5,0.5,NA,NA,0.5,1,1.5
200,2023-05-18T16:51:00Z,2023-05-18T16:57:00Z,2,6,366,0.25,86,NA,NA,86,100,54,Yes,0.75,1.35,0.75,0.75,NA,1.5,0.5,0.5,NA,0,NA,0.25,NA,0.5,C,no,public,20230518_24_no_public,24,1,0.25,0.5,0.5,NA,NA,0.5,1,1.5
201,2023-05-18T16:51:00Z,2023-05-18T17:03:00Z,2,12,742,NA,NA,NA,27,NA,NA,NA,Yes,0.4,1,NA,NA,NA,NA,NA,0.5,A1,0.4,0.1,0.1,NA,0.5,A2,yes,private,20230518_24_yes_private,24,0,NA,0.2,NA,NA,0.2,NA,NA,NA
202,2023-05-18T16:51:00Z,2023-05-18T16:58:00Z,2,7,427,NA,NA,76,65,NA,NA,NA,Yes,0.35,0.95,NA,NA,NA,NA,NA,0.5,NA,0.35,0.1,NA,0.25,0.5,B,yes,private,20230518_24_yes_private,24,0,NA,NA,NA,0.5,0.2,NA,NA,NA
203,2023-05-18T16:51:00Z,2023-05-18T16:59:00Z,2,8,474,0.25,100,NA,NA,100,99,100,No,0.75,1.35,0.75,0.75,NA,1.5,0.5,0.5,NA,0,NA,0.25,NA,0.5,C,no,private,20230518_25_no_private,25,0,0.25,0.5,0.5,NA,NA,0.5,1,1.5
204,2023-05-18T16:51:00Z,2023-05-18T16:58:00Z,2,7,393,0.25,52,NA,NA,52,56,53,No,1,1.6,0.75,0.75,0,1.5,0.5,0.5,NA,0.25,NA,0.25,NA,0.5,A,no,public,20230518_26_no_public,26,1,0.25,0.5,0.5,NA,NA,0.5,1,1.5
205,2023-05-18T16:51:00Z,2023-05-18T16:58:00Z,2,7,439,0.25,89,NA,NA,89,NA,NA,No,0.25,0.85,NA,NA,NA,NA,NA,0.5,NA,0.25,NA,0.25,NA,0.5,B,no,public,20230518_26_no_public,26,1,0.25,0.5,0.5,NA,NA,0.5,NA,NA
206,2023-05-18T16:51:00Z,2023-05-18T17:09:00Z,2,18,1061,NA,NA,83,NA,NA,NA,NA,No,0.25,0.85,NA,NA,NA,NA,NA,0.5,A2,0.25,NA,0.25,0.25,0.5,A1,yes,public,20230518_26_yes_public,26,1,NA,0.5,NA,0.5,NA,NA,NA,NA
207,2023-05-18T16:51:00Z,2023-05-18T17:10:00Z,2,19,1169,NA,NA,NA,51,51,51,51,No,1.25,1.85,0.75,0,0.25,0.75,0.25,0.5,A2,0.5,0,0,NA,0.5,A2,yes,public,20230518_26_yes_public,26,1,0,0,NA,NA,0,0,0.5,0
208,2023-05-18T16:51:00Z,2023-05-18T17:07:00Z,2,16,1013,NA,NA,83,71,71,62,78,Yes,0.25,0.85,0.25,0,NA,0.75,0.25,0.5,A2,0,0,NA,0.25,0.5,C,yes,public,20230518_26_yes_public,26,1,0,NA,NA,0.5,0,0,0.5,0
209,2023-05-18T16:51:00Z,2023-05-18T17:02:00Z,2,11,685,0.5,100,NA,NA,100,68,100,Yes,0,0.6,0,0.75,0.25,0.75,0.25,0.5,NA,0,NA,0.5,NA,0.5,A,no,public,20230518_27_no_public,27,1,0.5,1,1,NA,NA,1,0.5,3
210,2023-05-18T16:51:00Z,2023-05-18T16:58:00Z,2,7,403,0.5,100,NA,NA,100,NA,NA,Yes,0.5,1.1,NA,NA,NA,NA,NA,0.5,NA,0.5,NA,0.5,NA,0.5,B,no,public,20230518_27_no_public,27,1,0.5,1,1,NA,NA,1,NA,NA
211,2023-05-18T16:51:00Z,2023-05-18T17:02:00Z,2,11,665,0.5,100,NA,NA,100,89,100,Yes,1,1.6,1,0.75,NA,0.75,0.25,0.5,NA,0,NA,0.5,NA,0.5,C,no,public,20230518_27_no_public,27,1,0.5,1,1,NA,NA,1,0.5,3
212,2023-05-18T16:51:00Z,2023-05-18T17:04:00Z,2,13,820,NA,NA,84,NA,84,86,85,No,1.25,1.85,1,0.2,0.1,1.2,0.4,0.5,A1,0.25,NA,0.25,0.25,0.5,A1,yes,private,20230518_27_yes_private,27,0,0.25,0.5,NA,0.5,NA,0.5,0.8,0.5
213,2023-05-18T16:51:00Z,2023-05-18T16:59:00Z,2,8,456,NA,NA,89,90,NA,NA,NA,No,0.26,0.86,NA,NA,NA,NA,NA,0.5,NA,0.26,0.01,NA,0.25,0.5,B,yes,private,20230518_27_yes_private,27,0,NA,NA,NA,0.5,0.02,NA,NA,NA
214,2023-05-18T16:51:00Z,2023-05-18T16:57:00Z,2,6,364,0.25,100,NA,NA,100,100,51,Yes,1,1.6,0.75,0,0.25,0.75,0.25,0.5,NA,0.25,NA,0.25,NA,0.5,A,no,private,20230518_28_no_private,28,0,0.25,0.5,0.5,NA,NA,0.5,0.5,0
215,2023-05-18T16:51:00Z,2023-05-18T16:56:00Z,2,5,260,0.25,100,NA,NA,100,NA,NA,Yes,0.25,0.85,NA,NA,NA,NA,NA,0.5,NA,0.25,NA,0.25,NA,0.5,B,no,private,20230518_28_no_private,28,0,0.25,0.5,0.5,NA,NA,0.5,NA,NA
216,2023-05-18T16:51:00Z,2023-05-18T16:57:00Z,2,6,346,0.25,73,NA,NA,73,72,0,No,0.25,0.85,0.25,0,NA,0.75,0.25,0.5,NA,0,NA,0.25,NA,0.5,C,no,private,20230518_28_no_private,28,0,0.25,0.5,0.5,NA,NA,0.5,0.5,0
217,2023-05-18T16:51:00Z,2023-05-18T17:00:00Z,2,9,565,NA,NA,76,NA,76,84,100,Yes,0.75,1.35,0.75,0.75,0,1.5,0.5,0.5,A1,0,NA,0.5,0.5,0.5,A1,yes,public,20230518_28_yes_public,28,1,0.5,1,NA,1,NA,1,1,1.5
218,2023-05-18T16:51:00Z,2023-05-18T16:59:00Z,2,8,462,NA,NA,NA,70,NA,NA,NA,No,0,0.6,NA,NA,NA,NA,NA,0.5,A1,0,0.5,0.5,NA,0.5,A2,yes,public,20230518_28_yes_public,28,1,NA,1,NA,NA,1,NA,NA,NA
219,2023-05-18T16:51:00Z,2023-05-18T16:58:00Z,2,7,437,NA,NA,100,100,NA,NA,NA,Yes,1,1.6,NA,NA,NA,NA,NA,0.5,NA,1,0.5,NA,0.5,0.5,B,yes,public,20230518_28_yes_public,28,1,NA,NA,NA,1,1,NA,NA,NA
220,2023-05-18T16:51:00Z,2023-05-18T17:00:00Z,2,9,507,NA,NA,85,86,85,86,79,No,0.75,1.35,0.75,0.75,NA,1.5,0.5,0.5,A1,0,0.5,NA,0.5,0.5,C,yes,public,20230518_28_yes_public,28,1,0.5,NA,NA,1,1,1,1,1.5
221,2023-05-18T16:51:00Z,2023-05-18T16:59:00Z,2,8,480,0.25,100,NA,NA,100,NA,NA,Yes,0.25,0.85,NA,NA,NA,NA,NA,0.5,NA,0.25,NA,0.25,NA,0.5,B,no,private,20230518_29_no_private,29,0,0.25,0.5,0.5,NA,NA,0.5,NA,NA
222,2023-05-18T16:51:00Z,2023-05-18T17:01:00Z,2,10,603,0.25,49,NA,NA,49,48,47,No,0.5,1.1,0.5,NA,NA,0,0,0.5,NA,0,NA,0.25,NA,0.5,C,no,private,20230518_29_no_private,29,0,0.25,0.5,0.5,NA,NA,0.5,0,NA
223,2023-05-18T16:51:00Z,2023-05-18T17:02:00Z,2,11,663,NA,NA,100,NA,100,100,0,No,1.4,2,1.4,0.1,0,1.5,0.5,0.5,A1,0,NA,0.5,0.5,0.5,A1,yes,private,20230518_29_yes_private,29,0,0.5,1,NA,1,NA,1,1,0.2
224,2023-05-18T16:51:00Z,2023-05-18T17:00:00Z,2,9,525,NA,NA,NA,72,NA,NA,NA,Yes,0.25,0.85,NA,NA,NA,NA,NA,0.5,A1,0.25,0.25,0.25,NA,0.5,A2,yes,private,20230518_29_yes_private,29,0,NA,0.5,NA,NA,0.5,NA,NA,NA
225,2023-05-18T16:51:00Z,2023-05-18T16:59:00Z,2,8,506,NA,NA,100,50,NA,NA,NA,Yes,0.75,1.35,NA,NA,NA,NA,NA,0.5,NA,0.75,0.25,NA,0.5,0.5,B,yes,private,20230518_29_yes_private,29,0,NA,NA,NA,1,0.5,NA,NA,NA
226,2023-05-18T16:51:00Z,2023-05-18T17:02:00Z,2,11,684,NA,NA,100,96,100,100,0,No,0.1,0.7,0.1,0.1,NA,1.5,0.5,0.5,A1,0,0.25,NA,0.5,0.5,C,yes,private,20230518_29_yes_private,29,0,0.5,NA,NA,1,0.5,1,1,0.2
227,2023-05-18T16:51:00Z,2023-05-18T16:57:00Z,2,6,355,0.25,100,NA,NA,100,NA,NA,Yes,0.25,0.85,NA,NA,NA,NA,NA,0.5,NA,0.25,NA,0.25,NA,0.5,B,no,public,20230518_30_no_public,30,1,0.25,0.5,0.5,NA,NA,0.5,NA,NA
228,2023-05-18T16:51:00Z,2023-05-18T17:06:00Z,2,15,918,NA,NA,NA,70,70,61,35,Yes,1,1.6,1,0.5,0,1.5,0.5,0.5,A2,0,0.5,0.5,NA,0.5,A2,yes,private,20230518_30_yes_private,30,0,0.5,1,NA,NA,1,1,1,1
229,2023-05-18T16:51:00Z,2023-05-18T16:59:00Z,2,8,510,0.25,70,NA,NA,70,96,73,Yes,0.95,1.5499999999999998,0.7,0.8,0,1.5,0.5,0.5,NA,0.25,NA,0.25,NA,0.5,A,no,private,20230518_31_no_private,31,0,0.25,0.5,0.5,NA,NA,0.5,1,1.6
230,2023-05-18T16:51:00Z,2023-05-18T16:59:00Z,2,8,463,0.25,98,NA,NA,98,87,94,Yes,0.8,1.4,0.8,0.8,NA,1.5,0.5,0.5,NA,0,NA,0.25,NA,0.5,C,no,private,20230518_31_no_private,31,0,0.25,0.5,0.5,NA,NA,0.5,1,1.6
231,2023-05-18T16:51:00Z,2023-05-18T17:02:00Z,2,11,634,0.25,88,NA,NA,88,89,90,No,0.62,1.22,0.37,0.38,0.25,0.75,0.25,0.5,NA,0.25,NA,0.25,NA,0.5,A,no,public,20230518_32_no_public,32,1,0.25,0.5,0.5,NA,NA,0.5,0.5,1.52
232,2023-05-18T16:51:00Z,2023-05-18T16:56:00Z,2,5,304,0.25,88,NA,NA,88,NA,NA,Yes,0.25,0.85,NA,NA,NA,NA,NA,0.5,NA,0.25,NA,0.25,NA,0.5,B,no,public,20230518_32_no_public,32,1,0.25,0.5,0.5,NA,NA,0.5,NA,NA
233,2023-05-18T16:51:00Z,2023-05-18T17:01:00Z,2,10,573,0.25,75,NA,NA,75,78,81,Yes,0.63,1.23,0.63,0.38,NA,0.75,0.25,0.5,NA,0,NA,0.25,NA,0.5,C,no,public,20230518_32_no_public,32,1,0.25,0.5,0.5,NA,NA,0.5,0.5,1.52
234,2023-05-18T16:51:00Z,2023-05-18T17:02:00Z,2,11,626,NA,NA,100,NA,100,50,0,Yes,0.74,1.34,0.74,0.01,0.25,0.75,0.25,0.5,A1,0,NA,0.5,0.5,0.5,A1,yes,public,20230518_32_yes_public,32,1,0.5,1,NA,1,NA,1,0.5,0.04
235,2023-05-18T16:51:00Z,2023-05-18T17:03:00Z,2,12,727,NA,NA,93,54,93,69,0,No,0.26,0.86,0.26,0.01,NA,0.75,0.25,0.5,A1,0,0.25,NA,0.5,0.5,C,yes,public,20230518_32_yes_public,32,1,0.5,NA,NA,1,0.5,1,0.5,0.04
236,2023-05-18T16:51:00Z,2023-05-18T17:01:00Z,2,10,607,0.25,82,NA,NA,82,87,84,Yes,1,1.6,0.75,0.75,0,1.5,0.5,0.5,NA,0.25,NA,0.25,NA,0.5,A,no,private,20230518_33_no_private,33,0,0.25,0.5,0.5,NA,NA,0.5,1,1.5
237,2023-05-18T16:51:00Z,2023-05-18T17:00:00Z,2,9,528,0.25,73,NA,NA,73,NA,NA,Yes,0.25,0.85,NA,NA,NA,NA,NA,0.5,NA,0.25,NA,0.25,NA,0.5,B,no,private,20230518_33_no_private,33,0,0.25,0.5,0.5,NA,NA,0.5,NA,NA
238,2023-05-18T16:51:00Z,2023-05-18T16:59:00Z,2,8,486,NA,NA,100,NA,100,100,100,Yes,0.75,1.35,0.75,0.75,0,1.5,0.5,0.5,A1,0,NA,0.5,0.5,0.5,A1,yes,private,20230518_33_yes_private,33,0,0.5,1,NA,1,NA,1,1,1.5
239,2023-05-18T16:51:00Z,2023-05-18T17:00:00Z,2,9,558,NA,NA,100,51,100,100,100,No,0.75,1.35,0.75,0.75,NA,1.5,0.5,0.5,A1,0,0,NA,0.5,0.5,C,yes,private,20230518_33_yes_private,33,0,0.5,NA,NA,1,0,1,1,1.5
240,2023-05-18T16:51:00Z,2023-05-18T17:02:00Z,2,11,689,0,100,NA,NA,100,100,100,No,2,2.6,1.5,0,0,1.5,0.5,0.5,NA,0.5,NA,0,NA,0.5,A,no,public,20230518_34_no_public,34,1,0,0,0,NA,NA,0,1,0
241,2023-05-18T16:51:00Z,2023-05-18T17:01:00Z,2,10,586,0,0,NA,NA,0,NA,NA,No,0,0.6,NA,NA,NA,NA,NA,0.5,NA,0,NA,0,NA,0.5,B,no,public,20230518_34_no_public,34,1,0,0,0,NA,NA,0,NA,NA
242,2023-05-18T16:51:00Z,2023-05-18T17:03:00Z,2,12,768,NA,NA,NA,100,100,100,100,Yes,0.75,1.35,0.75,0.75,0,1.5,0.5,0.5,A2,0,0.5,0.5,NA,0.5,A2,yes,public,20230518_34_yes_public,34,1,0.5,1,NA,NA,1,1,1,1.5
243,2023-05-18T16:51:00Z,2023-05-18T17:01:00Z,2,10,630,NA,NA,100,100,100,100,100,Yes,0.75,1.35,0.75,0.75,NA,1.5,0.5,0.5,A2,0,0.5,NA,0.5,0.5,C,yes,public,20230518_34_yes_public,34,1,0.5,NA,NA,1,1,1,1,1.5
244,2023-05-18T16:51:00Z,2023-05-18T17:04:00Z,2,13,785,0.25,50,NA,NA,50,95,95,No,1,1.6,0.75,0.75,0,1.5,0.5,0.5,NA,0.25,NA,0.25,NA,0.5,A,no,public,20230518_35_no_public,35,1,0.25,0.5,0.5,NA,NA,0.5,1,1.5
245,2023-05-18T16:51:00Z,2023-05-18T16:59:00Z,2,8,523,NA,NA,74,36,NA,NA,NA,Yes,0.25,0.85,NA,NA,NA,NA,NA,0.5,NA,0.25,0,NA,0.25,0.5,B,yes,private,20230518_35_yes_private,35,0,NA,NA,NA,0.5,0,NA,NA,NA
246,2023-05-18T16:51:00Z,2023-05-18T17:07:00Z,2,16,920,0.2,20,NA,NA,20,66,28,Yes,0.5,1.1,0.5,NA,NA,0,0,0.5,NA,0,NA,0.2,NA,0.5,C,no,private,20230518_37_no_private,37,0,0.2,0.4,0.4,NA,NA,0.4,0,NA
247,2023-05-18T16:51:00Z,2023-05-18T17:02:00Z,2,11,682,NA,NA,88,NA,NA,NA,NA,Yes,0.2,0.8,NA,NA,NA,NA,NA,0.5,A2,0.2,NA,0.3,0.3,0.5,A1,yes,public,20230518_37_yes_public,37,1,NA,0.6,NA,0.6,NA,NA,NA,NA
248,2023-05-18T16:51:00Z,2023-05-18T17:02:00Z,2,11,663,0.5,92,NA,NA,92,NA,NA,No,0.5,1.1,NA,NA,NA,NA,NA,0.5,NA,0.5,NA,0.5,NA,0.5,B,no,public,20230518_38_no_public,38,1,0.5,1,1,NA,NA,1,NA,NA
249,2023-05-18T16:51:00Z,2023-05-18T17:01:00Z,2,10,590,0.5,100,NA,NA,100,100,0,No,0,0.6,0,0,NA,1.5,0.5,0.5,NA,0,NA,0.5,NA,0.5,C,no,public,20230518_38_no_public,38,1,0.5,1,1,NA,NA,1,1,0
250,2023-05-18T16:51:00Z,2023-05-18T17:06:00Z,2,15,881,0.25,85,NA,NA,85,89,91,Yes,0.5,1.1,0.5,0.5,NA,1.5,0.5,0.5,NA,0,NA,0.25,NA,0.5,C,no,private,20230518_39_no_private,39,0,0.25,0.5,0.5,NA,NA,0.5,1,1
251,2023-05-18T16:51:00Z,2023-05-18T17:05:00Z,2,14,812,0.4,88,NA,NA,88,NA,NA,Yes,0.4,1,NA,NA,NA,NA,NA,0.5,NA,0.4,NA,0.4,NA,0.5,B,no,private,20230518_40_no_private,40,0,0.4,0.8,0.8,NA,NA,0.8,NA,NA
252,2023-05-18T16:51:00Z,2023-05-18T17:15:00Z,2,24,1441,NA,NA,89,NA,89,66,62,Yes,0.5,1.1,0.5,0.25,0.25,0.75,0.25,0.5,A1,0,NA,0.5,0.5,0.5,A1,yes,public,20230518_40_yes_public,40,1,0.5,1,NA,1,NA,1,0.5,1
253,2023-05-18T16:51:00Z,2023-05-18T17:19:00Z,2,28,1675,NA,NA,NA,92,NA,NA,NA,No,0.25,0.85,NA,NA,NA,NA,NA,0.5,A1,0.25,0.25,0.25,NA,0.5,A2,yes,public,20230518_40_yes_public,40,1,NA,0.5,NA,NA,0.5,NA,NA,NA
254,2023-05-18T16:51:00Z,2023-05-18T17:10:00Z,2,19,1158,NA,NA,76,77,NA,NA,NA,Yes,0.75,1.35,NA,NA,NA,NA,NA,0.5,NA,0.75,0.25,NA,0.5,0.5,B,yes,public,20230518_40_yes_public,40,1,NA,NA,NA,1,0.5,NA,NA,NA
255,2023-05-18T16:51:00Z,2023-05-18T17:08:00Z,2,17,1022,NA,NA,79,NA,79,86,93,Yes,0.85,1.45,0.6,0.6,0.1,1.2,0.4,0.5,A1,0.25,NA,0.25,0.25,0.5,A1,yes,private,20230518_41_yes_private,41,0,0.25,0.5,NA,0.5,NA,0.5,0.8,1.4999999999999998
256,2023-05-18T16:51:00Z,2023-05-18T17:19:00Z,2,28,1709,NA,NA,NA,88,88,91,87,Yes,0,0.6,0,1.2,0.1,1.2,0.4,0.5,A2,0,0.5,0.5,NA,0.5,A2,yes,public,20230518_42_yes_public,42,1,0.5,1,NA,NA,1,1,0.8,2.9999999999999996
257,2023-05-18T16:51:00Z,2023-05-18T17:14:00Z,2,23,1335,0.1,96,NA,NA,96,89,91,Yes,1.7999999999999998,2.4,1.4,0.1,0,1.5,0.5,0.5,NA,0.4,NA,0.1,NA,0.5,A,no,public,20230518_43_no_public,43,1,0.1,0.2,0.2,NA,NA,0.2,1,0.2
258,2023-05-18T16:51:00Z,2023-05-18T17:10:00Z,2,19,1186,0.2,100,NA,NA,100,NA,NA,No,0.2,0.8,NA,NA,NA,NA,NA,0.5,NA,0.2,NA,0.2,NA,0.5,B,no,public,20230518_45_no_public,45,1,0.2,0.4,0.4,NA,NA,0.4,NA,NA
259,2023-05-18T16:51:00Z,2023-05-18T17:11:00Z,2,20,1179,0.2,51,NA,NA,51,51,51,Yes,0.3,0.8999999999999999,0.3,0,NA,0.6,0.2,0.5,NA,0,NA,0.2,NA,0.5,C,no,public,20230518_45_no_public,45,1,0.2,0.4,0.4,NA,NA,0.4,0.4,0
260,2023-05-18T16:51:00Z,2023-05-18T17:31:00Z,2,40,2386,NA,NA,83,100,100,100,89,Yes,0.75,1.35,0.75,0.75,NA,1.5,0.5,0.5,A2,0,0.5,NA,0.25,0.5,C,yes,private,20230518_53_yes_private,53,0,0.5,NA,NA,0.5,1,1,1,1.5
261,2023-05-18T16:52:00Z,2023-05-18T17:06:00Z,2,14,873,NA,NA,NA,78,78,100,89,No,0.9,1.5,0.75,0.75,0,1.5,0.5,0.5,A2,0.15,0.35,0.35,NA,0.5,A2,yes,public,20230518_31_yes_public,31,1,0.35,0.7,NA,NA,0.7,0.7,1,1.5
262,2023-05-18T16:52:00Z,2023-05-18T17:07:00Z,2,15,898,NA,NA,63,86,NA,NA,NA,No,0.45,1.05,NA,NA,NA,NA,NA,0.5,NA,0.45,0.35,NA,0.1,0.5,B,yes,public,20230518_31_yes_public,31,1,NA,NA,NA,0.2,0.7,NA,NA,NA
263,2023-05-18T16:52:00Z,2023-05-18T16:58:00Z,2,6,399,NA,NA,NA,25,NA,NA,NA,No,0.5,1.1,NA,NA,NA,NA,NA,0.5,A1,0.5,0,0,NA,0.5,A2,yes,private,20230518_33_yes_private,33,0,NA,0,NA,NA,0,NA,NA,NA
264,2023-05-18T16:52:00Z,2023-05-18T17:00:00Z,2,8,452,NA,NA,49,NA,NA,NA,NA,Yes,0,0.6,NA,NA,NA,NA,NA,0.5,A2,0,NA,0.5,0.5,0.5,A1,yes,public,20230518_34_yes_public,34,1,NA,1,NA,1,NA,NA,NA,NA
265,2023-05-18T16:52:00Z,2023-05-18T17:05:00Z,2,13,771,NA,NA,100,0,100,100,100,Yes,0.75,1.35,0.75,0.75,NA,1.5,0.5,0.5,A1,0,0,NA,0.25,0.5,C,yes,private,20230518_35_yes_private,35,0,0.25,NA,NA,0.5,0,0.5,1,1.5
266,2023-05-18T16:52:00Z,2023-05-18T16:59:00Z,2,7,422,0.5,100,NA,NA,100,NA,NA,No,0.5,1.1,NA,NA,NA,NA,NA,0.5,NA,0.5,NA,0.5,NA,0.5,B,no,private,20230518_36_no_private,36,0,0.5,1,1,NA,NA,1,NA,NA
267,2023-05-18T16:52:00Z,2023-05-18T17:00:00Z,2,8,486,0.5,63,NA,NA,63,100,0,No,1.5,2.1,1.5,0,0,1.5,0.5,0.5,NA,0,NA,0.5,NA,0.5,A,no,public,20230518_38_no_public,38,1,0.5,1,1,NA,NA,1,1,0
268,2023-05-18T16:52:00Z,2023-05-18T17:02:00Z,2,10,583,NA,NA,55,5,NA,NA,NA,Yes,0.1,0.7,NA,NA,NA,NA,NA,0.5,NA,0.1,0,NA,0.1,0.5,B,yes,private,20230518_38_yes_private,38,0,NA,NA,NA,0.2,0,NA,NA,NA
269,2023-05-18T16:52:00Z,2023-05-18T17:12:00Z,2,20,1214,NA,NA,74,19,NA,NA,NA,Yes,0.25,0.85,NA,NA,NA,NA,NA,0.5,NA,0.25,0,NA,0.25,0.5,B,yes,public,20230518_39_yes_public,39,1,NA,NA,NA,0.5,0,NA,NA,NA
270,2023-05-18T16:52:00Z,2023-05-18T17:06:00Z,2,14,850,0.25,66,NA,NA,66,NA,NA,Yes,0.25,0.85,NA,NA,NA,NA,NA,0.5,NA,0.25,NA,0.25,NA,0.5,B,no,public,20230518_42_no_public,42,1,0.25,0.5,0.5,NA,NA,0.5,NA,NA
271,2023-05-18T16:53:00Z,2023-05-18T17:00:00Z,2,7,436,0.25,77,NA,NA,77,NA,NA,No,0.25,0.85,NA,NA,NA,NA,NA,0.5,NA,0.25,NA,0.25,NA,0.5,B,no,public,20230518_35_no_public,35,1,0.25,0.5,0.5,NA,NA,0.5,NA,NA
272,2023-05-18T16:53:00Z,2023-05-18T17:02:00Z,2,9,558,NA,NA,100,NA,100,100,100,No,1,1.6,0.75,0.75,0,1.5,0.5,0.5,A1,0.25,NA,0.25,0.25,0.5,A1,yes,private,20230518_36_yes_private,36,0,0.25,0.5,NA,0.5,NA,0.5,1,1.5
273,2023-05-18T16:53:00Z,2023-05-18T17:01:00Z,2,8,480,NA,NA,NA,54,NA,NA,NA,No,0.5,1.1,NA,NA,NA,NA,NA,0.5,A1,0.5,0,0,NA,0.5,A2,yes,private,20230518_36_yes_private,36,0,NA,0,NA,NA,0,NA,NA,NA
274,2023-05-18T16:53:00Z,2023-05-18T17:01:00Z,2,8,509,NA,NA,78,29,NA,NA,NA,Yes,0.25,0.85,NA,NA,NA,NA,NA,0.5,NA,0.25,0,NA,0.25,0.5,B,yes,private,20230518_36_yes_private,36,0,NA,NA,NA,0.5,0,NA,NA,NA
275,2023-05-18T16:53:00Z,2023-05-18T17:05:00Z,2,12,714,NA,NA,84,46,84,73,85,No,0.75,1.35,0.75,0.75,NA,1.5,0.5,0.5,A1,0,0,NA,0.25,0.5,C,yes,private,20230518_36_yes_private,36,0,0.25,NA,NA,0.5,0,0.5,1,1.5
276,2023-05-18T16:53:00Z,2023-05-18T17:03:00Z,2,10,617,0.2,62,NA,NA,62,NA,NA,Yes,0.2,0.8,NA,NA,NA,NA,NA,0.5,NA,0.2,NA,0.2,NA,0.5,B,no,private,20230518_37_no_private,37,0,0.2,0.4,0.4,NA,NA,0.4,NA,NA
277,2023-05-18T16:53:00Z,2023-05-18T17:03:00Z,2,10,593,NA,NA,NA,55,55,54,53,Yes,1,1.6,1,0.5,0,1.5,0.5,0.5,A2,0,0.5,0.5,NA,0.5,A2,yes,public,20230518_37_yes_public,37,1,0.5,1,NA,NA,1,1,1,1
278,2023-05-18T16:53:00Z,2023-05-18T17:03:00Z,2,10,605,NA,NA,50,51,51,51,40,No,0.5,1.1,0.5,0.5,NA,1.5,0.5,0.5,A2,0,0.5,NA,0.3,0.5,C,yes,public,20230518_37_yes_public,37,1,0.5,NA,NA,0.6,1,1,1,1
279,2023-05-18T16:53:00Z,2023-05-18T17:02:00Z,2,9,547,0.25,71,NA,NA,71,NA,NA,Yes,0.25,0.85,NA,NA,NA,NA,NA,0.5,NA,0.25,NA,0.25,NA,0.5,B,no,private,20230518_39_no_private,39,0,0.25,0.5,0.5,NA,NA,0.5,NA,NA
280,2023-05-18T16:53:00Z,2023-05-18T17:11:00Z,2,18,1049,NA,NA,100,46,100,100,100,No,0.75,1.35,0.75,0.75,NA,1.5,0.5,0.5,A1,0,0,NA,0.25,0.5,C,yes,public,20230518_39_yes_public,39,1,0.25,NA,NA,0.5,0,0.5,1,1.5
281,2023-05-18T16:53:00Z,2023-05-18T17:22:00Z,2,29,1718,NA,NA,95,63,95,69,98,Yes,0.9,1.5,0.9,0.6,NA,0.6,0.2,0.5,A1,0,0.1,NA,0.5,0.5,C,yes,public,20230518_48_yes_public,48,1,0.5,NA,NA,1,0.2,1,0.4,2.9999999999999996
282,2023-05-18T16:54:00Z,2023-05-18T17:06:00Z,2,12,744,NA,NA,65,NA,65,90,90,Yes,1,1.6,0.75,0.75,0,1.5,0.5,0.5,A1,0.25,NA,0.25,0.25,0.5,A1,yes,public,20230518_39_yes_public,39,1,0.25,0.5,NA,0.5,NA,0.5,1,1.5
283,2023-05-18T16:54:00Z,2023-05-18T17:05:00Z,2,11,671,NA,NA,NA,51,NA,NA,NA,No,0.5,1.1,NA,NA,NA,NA,NA,0.5,A1,0.5,0,0,NA,0.5,A2,yes,public,20230518_39_yes_public,39,1,NA,0,NA,NA,0,NA,NA,NA
284,2023-05-18T16:54:00Z,2023-05-18T17:05:00Z,2,11,691,0.4,81,NA,NA,81,80,77,Yes,0.5,1.1,0.4,0.2,0.3,0.6,0.2,0.5,NA,0.1,NA,0.4,NA,0.5,A,no,private,20230518_40_no_private,40,0,0.4,0.8,0.8,NA,NA,0.8,0.4,1
285,2023-05-18T16:54:00Z,2023-05-18T17:16:00Z,2,22,1307,NA,NA,100,NA,NA,NA,NA,Yes,0.25,0.85,NA,NA,NA,NA,NA,0.5,A2,0.25,NA,0.25,0.25,0.5,A1,yes,public,20230518_42_yes_public,42,1,NA,0.5,NA,0.5,NA,NA,NA,NA
286,2023-05-18T16:55:00Z,2023-05-18T17:03:00Z,2,8,473,NA,NA,NA,100,NA,NA,NA,No,0.25,0.85,NA,NA,NA,NA,NA,0.5,A1,0.25,0.25,0.25,NA,0.5,A2,yes,private,20230518_41_yes_private,41,0,NA,0.5,NA,NA,0.5,NA,NA,NA
287,2023-05-18T16:55:00Z,2023-05-18T17:05:00Z,2,10,591,NA,NA,60,61,60,62,66,No,0.7,1.2999999999999998,0.7,0.6,NA,1.2,0.4,0.5,A1,0,0.25,NA,0.25,0.5,C,yes,private,20230518_41_yes_private,41,0,0.25,NA,NA,0.5,0.5,0.5,0.8,1.4999999999999998
288,2023-05-18T16:55:00Z,2023-05-18T17:13:00Z,2,18,1078,0.2,98,NA,NA,98,NA,NA,Yes,0.2,0.8,NA,NA,NA,NA,NA,0.5,NA,0.2,NA,0.2,NA,0.5,B,no,private,20230518_44_no_private,44,0,0.2,0.4,0.4,NA,NA,0.4,NA,NA
289,2023-05-18T16:56:00Z,2023-05-18T17:04:00Z,2,8,471,0.4,51,NA,NA,51,51,51,Yes,0.5,1.1,0.5,0.2,NA,0.6,0.2,0.5,NA,0,NA,0.4,NA,0.5,C,no,private,20230518_40_no_private,40,0,0.4,0.8,0.8,NA,NA,0.8,0.4,1
290,2023-05-18T16:56:00Z,2023-05-18T17:20:00Z,2,24,1391,0.1,93,NA,NA,93,97,37,Yes,0.46,1.06,0.06,0.03,0.47,0.09,0.03,0.5,NA,0.4,NA,0.1,NA,0.5,A,no,private,20230518_46_no_private,46,0,0.1,0.2,0.2,NA,NA,0.2,0.06,1
291,2023-05-18T16:57:00Z,2023-05-18T17:15:00Z,2,18,1086,NA,NA,73,94,94,74,92,Yes,1.3,1.9,1.3,1.2,NA,1.2,0.4,0.5,A2,0,0.5,NA,0.25,0.5,C,yes,public,20230518_42_yes_public,42,1,0.5,NA,NA,0.5,1,1,0.8,2.9999999999999996
292,2023-05-18T16:57:00Z,2023-05-18T17:11:00Z,2,14,831,0.1,53,NA,NA,53,NA,NA,Yes,0.1,0.7,NA,NA,NA,NA,NA,0.5,NA,0.1,NA,0.1,NA,0.5,B,no,public,20230518_43_no_public,43,1,0.1,0.2,0.2,NA,NA,0.2,NA,NA
293,2023-05-18T16:57:00Z,2023-05-18T17:06:00Z,2,9,543,0.2,75,NA,NA,75,27,40,Yes,0.4,1,0.1,0.05,0.45,0.15,0.05,0.5,NA,0.3,NA,0.2,NA,0.5,A,no,private,20230518_44_no_private,44,0,0.2,0.4,0.4,NA,NA,0.4,0.1,1
294,2023-05-18T16:57:00Z,2023-05-18T17:16:00Z,2,19,1164,NA,NA,9,NA,9,17,24,Yes,0.25,0.85,0,1.5,0,1.5,0.5,0.5,A1,0.25,NA,0.25,0.25,0.5,A1,yes,private,20230518_46_yes_private,46,0,0.25,0.5,NA,0.5,NA,0.5,1,3
295,2023-05-18T16:58:00Z,2023-05-18T17:11:00Z,2,13,783,0.1,24,NA,NA,24,74,5,No,0.1,0.7,0.1,0.1,NA,1.5,0.5,0.5,NA,0,NA,0.1,NA,0.5,C,no,public,20230518_43_no_public,43,1,0.1,0.2,0.2,NA,NA,0.2,1,0.2
296,2023-05-18T16:59:00Z,2023-05-18T17:11:00Z,2,12,769,NA,NA,11,12,NA,NA,NA,Yes,0.5,1.1,NA,NA,NA,NA,NA,0.5,NA,0.5,0.5,NA,0,0.5,B,yes,private,20230518_43_yes_private,43,0,NA,NA,NA,0,1,NA,NA,NA
297,2023-05-18T16:59:00Z,2023-05-18T17:05:00Z,2,6,385,0.2,32,NA,NA,32,66,12,Yes,0.5,1.1,0.5,0.05,NA,0.15,0.05,0.5,NA,0,NA,0.2,NA,0.5,C,no,private,20230518_44_no_private,44,0,0.2,0.4,0.4,NA,NA,0.4,0.1,1
298,2023-05-18T16:59:00Z,2023-05-18T17:13:00Z,2,14,819,0.2,71,NA,NA,71,85,9,No,0.8999999999999999,1.5,0.6,0,0.3,0.6,0.2,0.5,NA,0.3,NA,0.2,NA,0.5,A,no,public,20230518_45_no_public,45,1,0.2,0.4,0.4,NA,NA,0.4,0.4,0
299,2023-05-18T17:00:00Z,2023-05-18T17:07:00Z,2,7,436,NA,NA,33,NA,33,62,32,Yes,0.8,1.4,0.3,0,0.4,0.3,0.1,0.5,A1,0.5,NA,0,0,0.5,A1,yes,public,20230518_44_yes_public,44,1,0,0,NA,0,NA,0,0.2,0
300,2023-05-18T17:00:00Z,2023-05-18T17:14:00Z,2,14,803,0.1,25,NA,NA,25,NA,NA,Yes,0.1,0.7,NA,NA,NA,NA,NA,0.5,NA,0.1,NA,0.1,NA,0.5,B,no,private,20230518_46_no_private,46,0,0.1,0.2,0.2,NA,NA,0.2,NA,NA
301,2023-05-18T17:01:00Z,2023-05-18T17:08:00Z,2,7,431,NA,NA,23,0,NA,NA,NA,Yes,0.1,0.7,NA,NA,NA,NA,NA,0.5,NA,0.1,0,NA,0.1,0.5,B,yes,private,20230518_45_yes_private,45,0,NA,NA,NA,0.2,0,NA,NA,NA
302,2023-05-18T17:01:00Z,2023-05-18T17:18:00Z,2,17,1025,0.1,50,NA,NA,50,50,100,Yes,0.5,1.1,0.5,0.03,NA,0.09,0.03,0.5,NA,0,NA,0.1,NA,0.5,C,no,private,20230518_46_no_private,46,0,0.1,0.2,0.2,NA,NA,0.2,0.06,1
303,2023-05-18T17:02:00Z,2023-05-18T17:17:00Z,2,15,877,NA,NA,100,33,100,100,100,No,1.5,2.1,1.5,1.5,NA,1.5,0.5,0.5,A1,0,0.1,NA,0.25,0.5,C,yes,private,20230518_46_yes_private,46,0,0.25,NA,NA,0.5,0.2,0.5,1,3
304,2023-05-18T17:03:00Z,2023-05-18T17:15:00Z,2,12,676,NA,NA,92,87,NA,NA,NA,No,0.35,0.95,NA,NA,NA,NA,NA,0.5,NA,0.35,0.1,NA,0.25,0.5,B,yes,private,20230518_46_yes_private,46,0,NA,NA,NA,0.5,0.2,NA,NA,NA
305,2023-05-18T17:03:00Z,2023-05-18T17:11:00Z,2,8,479,0,32,NA,NA,32,NA,NA,Yes,0,0.6,NA,NA,NA,NA,NA,0.5,NA,0,NA,0,NA,0.5,B,no,public,20230518_47_no_public,47,1,0,0,0,NA,NA,0,NA,NA
306,2023-05-18T17:03:00Z,2023-05-18T17:15:00Z,2,12,717,NA,NA,63,100,100,100,41,Yes,0.25,0.85,0.25,0.25,NA,1.5,0.5,0.5,A2,0,0.5,NA,0.25,0.5,C,yes,public,20230518_47_yes_public,47,1,0.5,NA,NA,0.5,1,1,1,0.5
307,2023-05-18T17:04:00Z,2023-05-18T17:16:00Z,2,12,693,0.5,73,NA,NA,73,NA,NA,No,0.5,1.1,NA,NA,NA,NA,NA,0.5,NA,0.5,NA,0.5,NA,0.5,B,no,private,20230518_48_no_private,48,0,0.5,1,1,NA,NA,1,NA,NA
308,2023-05-18T17:05:00Z,2023-05-18T17:12:00Z,2,7,406,0,0,NA,NA,0,100,100,Yes,0.5,1.1,0.5,0.2,NA,0.6,0.2,0.5,NA,0,NA,0,NA,0.5,C,no,public,20230518_47_no_public,47,1,0,0,0,NA,NA,0,0.4,1
309,2023-05-18T17:05:00Z,2023-05-18T17:14:00Z,2,9,559,NA,NA,NA,75,75,82,75,Yes,1.25,1.85,1.25,0.25,0,1.5,0.5,0.5,A2,0,0.5,0.5,NA,0.5,A2,yes,public,20230518_47_yes_public,47,1,0.5,1,NA,NA,1,1,1,0.5
310,2023-05-18T17:05:00Z,2023-05-18T17:14:00Z,2,9,515,0.5,75,NA,NA,75,82,81,Yes,1,1.6,1,0.5,0,1.5,0.5,0.5,NA,0,NA,0.5,NA,0.5,A,no,private,20230518_48_no_private,48,0,0.5,1,1,NA,NA,1,1,1
311,2023-05-18T17:05:00Z,2023-05-18T17:14:00Z,2,9,502,0.5,86,NA,NA,86,94,86,Yes,0.5,1.1,0.5,0.5,NA,1.5,0.5,0.5,NA,0,NA,0.5,NA,0.5,C,no,private,20230518_48_no_private,48,0,0.5,1,1,NA,NA,1,1,1
312,2023-05-18T17:06:00Z,2023-05-18T17:13:00Z,2,7,400,0,14,NA,NA,14,45,67,No,0.9,1.5,0.4,0.2,0.3,0.6,0.2,0.5,NA,0.5,NA,0,NA,0.5,A,no,public,20230518_47_no_public,47,1,0,0,0,NA,NA,0,0.4,1
313,2023-05-18T17:07:00Z,2023-05-18T17:21:00Z,2,14,834,NA,NA,NA,60,NA,NA,NA,Yes,0.4,1,NA,NA,NA,NA,NA,0.5,A1,0.4,0.1,0.1,NA,0.5,A2,yes,public,20230518_48_yes_public,48,1,NA,0.2,NA,NA,0.2,NA,NA,NA
314,2023-05-18T17:08:00Z,2023-05-18T17:19:00Z,2,11,639,NA,NA,100,23,NA,NA,NA,Yes,0.6,1.2,NA,NA,NA,NA,NA,0.5,NA,0.6,0.1,NA,0.5,0.5,B,yes,public,20230518_48_yes_public,48,1,NA,NA,NA,1,0.2,NA,NA,NA
315,2023-05-18T17:08:00Z,2023-05-18T17:16:00Z,2,8,483,NA,NA,65,86,NA,NA,NA,Yes,0.1,0.7,NA,NA,NA,NA,NA,0.5,NA,0.1,0,NA,0.1,0.5,B,yes,private,20230518_49_yes_private,49,0,NA,NA,NA,0.2,0,NA,NA,NA
316,2023-05-18T17:09:00Z,2023-05-18T17:20:00Z,2,11,669,0.25,95,NA,NA,95,NA,NA,No,0.25,0.85,NA,NA,NA,NA,NA,0.5,NA,0.25,NA,0.25,NA,0.5,B,no,private,20230518_49_no_private,49,0,0.25,0.5,0.5,NA,NA,0.5,NA,NA
317,2023-05-18T17:10:00Z,2023-05-18T17:19:00Z,2,9,528,0.25,88,NA,NA,88,0,49,Yes,0.25,0.85,0,NA,0.5,0,0,0.5,NA,0.25,NA,0.25,NA,0.5,A,no,private,20230518_49_no_private,49,0,0.25,0.5,0.5,NA,NA,0.5,0,NA
318,2023-05-18T17:10:00Z,2023-05-18T17:16:00Z,2,6,364,0.2,54,NA,NA,54,26,50,Yes,0.5,1.1,0.5,NA,NA,0,0,0.5,NA,0,NA,0.2,NA,0.5,C,no,public,20230518_50_no_public,50,1,0.2,0.4,0.4,NA,NA,0.4,0,NA
319,2023-05-18T17:14:00Z,2023-05-18T17:24:00Z,2,10,650,0,29,NA,NA,29,71,70,Yes,1,1.6,1,1,NA,1.5,0.5,0.5,NA,0,NA,0,NA,0.5,C,no,private,20230518_51_no_private,51,0,0,0,0,NA,NA,0,1,2
320,2023-05-18T17:14:00Z,2023-05-18T17:22:00Z,2,8,518,0.25,91,NA,NA,91,NA,NA,Yes,0.25,0.85,NA,NA,NA,NA,NA,0.5,NA,0.25,NA,0.25,NA,0.5,B,no,public,20230518_52_no_public,52,1,0.25,0.5,0.5,NA,NA,0.5,NA,NA
321,2023-05-18T17:16:00Z,2023-05-18T17:26:00Z,2,10,605,NA,NA,78,NA,78,77,78,No,0.75,1.35,0.5,0.25,0.25,0.75,0.25,0.5,A1,0.25,NA,0.25,0.25,0.5,A1,yes,public,20230518_50_yes_public,50,1,0.25,0.5,NA,0.5,NA,0.5,0.5,1
322,2023-05-18T17:16:00Z,2023-05-18T17:23:00Z,2,7,399,NA,NA,49,79,NA,NA,NA,No,0.75,1.35,NA,NA,NA,NA,NA,0.5,NA,0.75,0.5,NA,0.25,0.5,B,yes,public,20230518_50_yes_public,50,1,NA,NA,NA,0.5,1,NA,NA,NA
323,2023-05-18T17:16:00Z,2023-05-18T17:24:00Z,2,8,447,NA,NA,74,89,74,83,69,Yes,0.5,1.1,0.5,0.25,NA,0.75,0.25,0.5,A1,0,0.5,NA,0.25,0.5,C,yes,public,20230518_50_yes_public,50,1,0.25,NA,NA,0.5,1,0.5,0.5,1
324,2023-05-18T17:16:00Z,2023-05-18T17:26:00Z,2,10,579,0,4,NA,NA,4,97,90,No,1,1.6,0.5,1,0,1.5,0.5,0.5,NA,0.5,NA,0,NA,0.5,A,no,private,20230518_51_no_private,51,0,0,0,0,NA,NA,0,1,2
325,2023-05-18T17:16:00Z,2023-05-18T17:26:00Z,2,10,621,0,0,NA,NA,0,NA,NA,Yes,0,0.6,NA,NA,NA,NA,NA,0.5,NA,0,NA,0,NA,0.5,B,no,private,20230518_51_no_private,51,0,0,0,0,NA,NA,0,NA,NA
326,2023-05-18T17:16:00Z,2023-05-18T17:32:00Z,2,16,960,NA,NA,33,100,NA,NA,NA,No,0.6,1.2,NA,NA,NA,NA,NA,0.5,NA,0.6,0.5,NA,0.1,0.5,B,yes,public,20230518_52_yes_public,52,1,NA,NA,NA,0.2,1,NA,NA,NA
327,2023-05-18T17:16:00Z,2023-05-18T17:24:00Z,2,8,468,0.15,19,NA,NA,19,NA,NA,No,0.15,0.75,NA,NA,NA,NA,NA,0.5,NA,0.15,NA,0.15,NA,0.5,B,no,public,20230518_53_no_public,53,1,0.15,0.3,0.3,NA,NA,0.3,NA,NA
328,2023-05-18T17:16:00Z,2023-05-18T17:25:00Z,2,9,545,0.15,12,NA,NA,12,97,51,Yes,0.5,1.1,0.5,NA,NA,0,0,0.5,NA,0,NA,0.15,NA,0.5,C,no,public,20230518_53_no_public,53,1,0.15,0.3,0.3,NA,NA,0.3,0,NA
329,2023-05-18T17:16:00Z,2023-05-18T17:29:00Z,2,13,764,NA,NA,58,85,NA,NA,NA,Yes,0.75,1.35,NA,NA,NA,NA,NA,0.5,NA,0.75,0.5,NA,0.25,0.5,B,yes,private,20230518_53_yes_private,53,0,NA,NA,NA,0.5,1,NA,NA,NA
330,2023-05-18T17:16:00Z,2023-05-18T17:29:00Z,2,13,791,0.3,78,NA,NA,78,NA,NA,No,0.3,0.8999999999999999,NA,NA,NA,NA,NA,0.5,NA,0.3,NA,0.3,NA,0.5,B,no,private,20230518_54_no_private,54,0,0.3,0.6,0.6,NA,NA,0.6,NA,NA
331,2023-05-18T17:18:00Z,2023-05-18T17:32:00Z,2,14,872,NA,NA,NA,100,100,100,100,No,0.75,1.35,0.75,0.75,0,1.5,0.5,0.5,A2,0,0.5,0.5,NA,0.5,A2,yes,private,20230518_53_yes_private,53,0,0.5,1,NA,NA,1,1,1,1.5
332,2023-05-18T17:19:00Z,2023-05-18T17:27:00Z,2,8,470,0.15,78,NA,NA,78,0,100,No,0.35,0.95,0,NA,0.5,0,0,0.5,NA,0.35,NA,0.15,NA,0.5,A,no,public,20230518_53_no_public,53,1,0.15,0.3,0.3,NA,NA,0.3,0,NA
333,2023-05-18T17:19:00Z,2023-05-18T17:30:00Z,2,11,689,NA,NA,51,NA,NA,NA,NA,No,0.25,0.85,NA,NA,NA,NA,NA,0.5,A2,0.25,NA,0.25,0.25,0.5,A1,yes,private,20230518_53_yes_private,53,0,NA,0.5,NA,0.5,NA,NA,NA,NA
334,2023-05-18T17:19:00Z,2023-05-18T17:35:00Z,2,16,957,0.3,92,NA,NA,92,92,94,Yes,0.8,1.4,0.6,0.3,0.2,0.9,0.3,0.5,NA,0.2,NA,0.3,NA,0.5,A,no,private,20230518_54_no_private,54,0,0.3,0.6,0.6,NA,NA,0.6,0.6,1
335,2023-05-18T17:22:00Z,2023-05-18T17:34:00Z,2,12,677,0.3,65,NA,NA,65,67,38,Yes,0.5,1.1,0.5,0.3,NA,0.9,0.3,0.5,NA,0,NA,0.3,NA,0.5,C,no,private,20230518_54_no_private,54,0,0.3,0.6,0.6,NA,NA,0.6,0.6,1
336,2023-05-18T17:30:00Z,2023-05-18T17:38:00Z,2,8,484,NA,NA,51,52,NA,NA,NA,Yes,0,0.6,NA,NA,NA,NA,NA,0.5,NA,0,0,NA,0,0.5,B,yes,private,20230518_54_yes_private,54,0,NA,NA,NA,0,0,NA,NA,NA
337,2023-05-18T17:30:00Z,2023-05-18T17:40:00Z,2,10,576,NA,NA,62,62,NA,NA,NA,Yes,0.65,1.25,NA,NA,NA,NA,NA,0.5,NA,0.65,0.4,NA,0.25,0.5,B,yes,public,20230518_55_yes_public,55,1,NA,NA,NA,0.5,0.8,NA,NA,NA
